run_id,set_name,stream_id,seed_namespace,seed_digest,J,window_position,burn_in_h,stop_time_h,window_h,use
cal_thr-001,cal_thr,40000,fot-tep/fase03/soglie_normal/cal_thr/j/v1,ff4faa819281604cd8f9bd95e7d1858d20468cee0b3fd1514db6305f4a20598c,1,1,20,25,5,threshold
cal_thr-002,cal_thr,40001,fot-tep/fase03/soglie_normal/cal_thr/j/v1,5d6f8e8e63bb550dae73428713a9e875d0d6acfdd3203e78e4756bcb4dfbbcb8,8,8,20,60,5,threshold
cal_thr-003,cal_thr,40002,fot-tep/fase03/soglie_normal/cal_thr/j/v1,899503645f0cdd560c0b3408c3823b3a264add038a8cb00497c93b73a73b82c8,9,9,20,65,5,threshold
cal_thr-004,cal_thr,40003,fot-tep/fase03/soglie_normal/cal_thr/j/v1,30979bba7c1f0d0361863d3cd62af8ed977480304c0f963b5babe9c94a64e37a,2,2,20,30,5,threshold
cal_thr-005,cal_thr,40004,fot-tep/fase03/soglie_normal/cal_thr/j/v1,59c8d52d726017aee00d848a21acbc5c561d1338ed678c57b63388030ecbdb9d,5,5,20,45,5,threshold
cal_thr-006,cal_thr,40005,fot-tep/fase03/soglie_normal/cal_thr/j/v1,d2e8a70b27274f7feeb07537985ce15bdad04e819013e381fc29707d4180cf90,10,10,20,70,5,threshold
cal_thr-007,cal_thr,40006,fot-tep/fase03/soglie_normal/cal_thr/j/v1,b1399c1811f16e668328a2fbcc6043adc31f296f806eec24925e9c9a515c4e03,5,5,20,45,5,threshold
cal_thr-008,cal_thr,40007,fot-tep/fase03/soglie_normal/cal_thr/j/v1,50b6a896f54086434815b6fcd264a482f9b4849f3a56038f7d2359a59243a6f9,6,6,20,50,5,threshold
cal_thr-009,cal_thr,40008,fot-tep/fase03/soglie_normal/cal_thr/j/v1,d4d3997c21c544624c367fb143b0956b847445af98b83e09c75c2539c80a6196,7,7,20,55,5,threshold
cal_thr-010,cal_thr,40009,fot-tep/fase03/soglie_normal/cal_thr/j/v1,8cd1a18d4d673b107bcf407514562dfeedec8d120987809cda9d052f84c92d85,7,7,20,55,5,threshold
cal_thr-011,cal_thr,40010,fot-tep/fase03/soglie_normal/cal_thr/j/v1,e9bb8c8cedaa7e4c3861ed5ebcfd9f98754d2523b77fbd67149d1bd3e1abcefb,5,5,20,45,5,threshold
cal_thr-012,cal_thr,40011,fot-tep/fase03/soglie_normal/cal_thr/j/v1,7ea7d672448d1274e32c5e6a48d55cae4ef56ad8b2ba399eeabcc42b2b6f6aed,5,5,20,45,5,threshold
cal_thr-013,cal_thr,40012,fot-tep/fase03/soglie_normal/cal_thr/j/v1,9b25c8af29ccedb3e650d1ea2e95020a56d5d8c7bf22e26e309f83437ace1bb0,4,4,20,40,5,threshold
cal_thr-014,cal_thr,40013,fot-tep/fase03/soglie_normal/cal_thr/j/v1,ecc86dfe30eb6b6cbfe8c936766a0fa20627414bad9763ff96ae613edc5df64b,3,3,20,35,5,threshold
cal_thr-015,cal_thr,40014,fot-tep/fase03/soglie_normal/cal_thr/j/v1,89b04bcd19c63d408a23f004ba693ce63b683eb130c986c6bb49de285d99af3d,7,7,20,55,5,threshold
cal_thr-016,cal_thr,40015,fot-tep/fase03/soglie_normal/cal_thr/j/v1,076124ae7f3387fcb7f016e46e52d11e60944b0b82a98104bb1b8820cb0dbce5,5,5,20,45,5,threshold
cal_thr-017,cal_thr,40016,fot-tep/fase03/soglie_normal/cal_thr/j/v1,105bcd42b636b70c0df082e2011d8cff264b59ce45822b064660acbe66895a0c,5,5,20,45,5,threshold
cal_thr-018,cal_thr,40017,fot-tep/fase03/soglie_normal/cal_thr/j/v1,a00ac58f54e96638d6492de1c7b1d2460e3052c2c91169146d30eef0f83f5b6a,1,1,20,25,5,threshold
cal_thr-019,cal_thr,40018,fot-tep/fase03/soglie_normal/cal_thr/j/v1,86eced2ea2e74b5490e3e74414eae1dec7f5e4efbe5431ce15ee603ee3927e87,1,1,20,25,5,threshold
cal_thr-020,cal_thr,40019,fot-tep/fase03/soglie_normal/cal_thr/j/v1,86741528386e6549d245ad3d37e9b090c489361498e5c104e0862e21273eee7b,2,2,20,30,5,threshold
cal_thr-021,cal_thr,40020,fot-tep/fase03/soglie_normal/cal_thr/j/v1,cba90bdd968e9f4df6d1b84134237a9f6e5739191eec10337c2608c1a976d2a2,8,8,20,60,5,threshold
cal_thr-022,cal_thr,40021,fot-tep/fase03/soglie_normal/cal_thr/j/v1,53f6cd271b276444df7ed6c818aba4511f4f2f36939ee7048da33e5f5c9fd1f5,3,3,20,35,5,threshold
cal_thr-023,cal_thr,40022,fot-tep/fase03/soglie_normal/cal_thr/j/v1,07476dcaf7673d58d5dccf372a07fddaf4fc9aef0d1d874d4c7e7f481d3db910,9,9,20,65,5,threshold
cal_thr-024,cal_thr,40023,fot-tep/fase03/soglie_normal/cal_thr/j/v1,fb330401bba5ae592aaef9dc1b6358b46766c728822d40a9f43537e4584ffeea,8,8,20,60,5,threshold
cal_thr-025,cal_thr,40024,fot-tep/fase03/soglie_normal/cal_thr/j/v1,d50b3b3716dbeff2d10dc5e66c55097bda6a254fe0a4d6d19dfb11217d35d5c5,1,1,20,25,5,threshold
cal_thr-026,cal_thr,40025,fot-tep/fase03/soglie_normal/cal_thr/j/v1,0c36fb18ddce21f4a6b985cf844517bbaf6cfae0bb2b4a6e67085a2912ec1d7e,1,1,20,25,5,threshold
cal_thr-027,cal_thr,40026,fot-tep/fase03/soglie_normal/cal_thr/j/v1,3909b053c8afa179cbebfbd49c8c8da7b4b0708ad3a5e35411ebbdca172259d7,8,8,20,60,5,threshold
cal_thr-028,cal_thr,40027,fot-tep/fase03/soglie_normal/cal_thr/j/v1,b8226b88357a2228e57afc1445a802712d39f63766bc9c0546786e8b74a979e6,1,1,20,25,5,threshold
cal_thr-029,cal_thr,40028,fot-tep/fase03/soglie_normal/cal_thr/j/v1,11fe150820220e619fc14534bd25a33f114ce0de3f1644aae1b99f4df1e00338,8,8,20,60,5,threshold
cal_thr-030,cal_thr,40029,fot-tep/fase03/soglie_normal/cal_thr/j/v1,26a7590db2ed0be7032f35a2627e22c9c0034f74c8790e09bfec2237aaf4e579,10,10,20,70,5,threshold
cal_thr-031,cal_thr,40030,fot-tep/fase03/soglie_normal/cal_thr/j/v1,121db3a51080be93c74022d8a8e5aa36b0515755b6aaff99ee6038b6bd851159,8,8,20,60,5,threshold
cal_thr-032,cal_thr,40031,fot-tep/fase03/soglie_normal/cal_thr/j/v1,e33dabbf62b5ea08f1ea021489edabfc27ca1f02eeddfc4cf00db23e472b9b15,7,7,20,55,5,threshold
cal_thr-033,cal_thr,40032,fot-tep/fase03/soglie_normal/cal_thr/j/v1,81d0efbd0822a107724dea6f1c15e693897940a6a60ff7b0c7cd43da9fba231a,6,6,20,50,5,threshold
cal_thr-034,cal_thr,40033,fot-tep/fase03/soglie_normal/cal_thr/j/v1,8f496d61523c87877ec0614e582452861d0798e41d2e005a3646337ffe53d555,10,10,20,70,5,threshold
cal_thr-035,cal_thr,40034,fot-tep/fase03/soglie_normal/cal_thr/j/v1,de1554cce597e5cd0fb05f839db0b14859d8aaef933fffac54e415396e6ffe40,6,6,20,50,5,threshold
cal_thr-036,cal_thr,40035,fot-tep/fase03/soglie_normal/cal_thr/j/v1,99cc3e259bbc97b3a1fdadcb160c94ba08f2a29d5d3feb8409ea076f76efae5d,10,10,20,70,5,threshold
cal_thr-037,cal_thr,40036,fot-tep/fase03/soglie_normal/cal_thr/j/v1,d09941fabc99551b33c1132a0a2a02925b6dec6fdec7110eb489b443a59bede2,10,10,20,70,5,threshold
cal_thr-038,cal_thr,40037,fot-tep/fase03/soglie_normal/cal_thr/j/v1,a9f1f0e8053940d8a2184274afc1be12c0d898ed0f1acf56c5eaa260da7ca112,5,5,20,45,5,threshold
cal_thr-039,cal_thr,40038,fot-tep/fase03/soglie_normal/cal_thr/j/v1,170696ba6a48588c8bc791480c4c599cb86d24225e3634571155651788710e09,7,7,20,55,5,threshold
cal_thr-040,cal_thr,40039,fot-tep/fase03/soglie_normal/cal_thr/j/v1,f7dc1fcc8964992310f40b5e90474388b03fcaeecf86b11164ef8d3b02c117f1,8,8,20,60,5,threshold
cal_thr-041,cal_thr,40040,fot-tep/fase03/soglie_normal/cal_thr/j/v1,28843c37f1afe3478f0cfd94343d16467679ddf650f45cc7f6ce04ad7490351c,2,2,20,30,5,threshold
cal_thr-042,cal_thr,40041,fot-tep/fase03/soglie_normal/cal_thr/j/v1,7940042b111857657d1e9339fdbbe74dedb6f9d563b879158755499ec2950fa5,2,2,20,30,5,threshold
cal_thr-043,cal_thr,40042,fot-tep/fase03/soglie_normal/cal_thr/j/v1,ec7f596c8b3419dd499d883ecd03bcc39cf659d5eaa85e37441d301ecb9e7ed4,8,8,20,60,5,threshold
cal_thr-044,cal_thr,40043,fot-tep/fase03/soglie_normal/cal_thr/j/v1,dd2f10fd9dbe41f6e136d9d340678fc6d8b06e03edebf3666b619c747380c83b,1,1,20,25,5,threshold
cal_thr-045,cal_thr,40044,fot-tep/fase03/soglie_normal/cal_thr/j/v1,e5e8bc693fde971ad55323ecd72b9cb04ddfb1d0331dfeb78798eaad293093dc,7,7,20,55,5,threshold
cal_thr-046,cal_thr,40045,fot-tep/fase03/soglie_normal/cal_thr/j/v1,4cec12bfb1973ae02ebc584670a2e64ced226ec78d209b023538b15c69b4a1e8,7,7,20,55,5,threshold
cal_thr-047,cal_thr,40046,fot-tep/fase03/soglie_normal/cal_thr/j/v1,376cbc3d8b50706cf9ff2bd31a5ff30f89c4e4f5a96ab8a259e714d52d7b18b1,7,7,20,55,5,threshold
cal_thr-048,cal_thr,40047,fot-tep/fase03/soglie_normal/cal_thr/j/v1,65c0a5bad9381673d9bed0ab1ecd72baf85dff39bba5b16bc07404df0825478d,10,10,20,70,5,threshold
cal_thr-049,cal_thr,40048,fot-tep/fase03/soglie_normal/cal_thr/j/v1,29d0e3ecf148f519f1f3a9e201b2f53d86644ef65bd4e6ad798c74e2087e1bd4,6,6,20,50,5,threshold
cal_thr-050,cal_thr,40049,fot-tep/fase03/soglie_normal/cal_thr/j/v1,95c7f4a5b914fca085708edc26327bbe40cd560b279108174d4a320c280cdb8e,5,5,20,45,5,threshold
cal_thr-051,cal_thr,40050,fot-tep/fase03/soglie_normal/cal_thr/j/v1,f1488771e646e69ec67d84b79af5ead3298de656a775e72e9b2253290b7ec644,5,5,20,45,5,threshold
cal_thr-052,cal_thr,40051,fot-tep/fase03/soglie_normal/cal_thr/j/v1,63b66b88f0c9201738ba24845c517babcb689c96737f17f0185bf81677c713fe,6,6,20,50,5,threshold
cal_thr-053,cal_thr,40052,fot-tep/fase03/soglie_normal/cal_thr/j/v1,51688887a526c316f11b2a69222b6e3da8ff71fea4f15ccf069ec2aa812f562a,7,7,20,55,5,threshold
cal_thr-054,cal_thr,40053,fot-tep/fase03/soglie_normal/cal_thr/j/v1,97cff507ca7cda40fd9ce9dba876af3913ee849e9550a923228d508ef82ec476,9,9,20,65,5,threshold
cal_thr-055,cal_thr,40054,fot-tep/fase03/soglie_normal/cal_thr/j/v1,6b1d40794c4dbadb20033b8c4e63ab35f752c01f725296cc9d1f1b69ec26433b,10,10,20,70,5,threshold
cal_thr-056,cal_thr,40055,fot-tep/fase03/soglie_normal/cal_thr/j/v1,7d31891feb451d9d88bcb5351b6a8360d609f2992d991b76bd48aa8f0f3ed6c9,8,8,20,60,5,threshold
cal_thr-057,cal_thr,40056,fot-tep/fase03/soglie_normal/cal_thr/j/v1,f0204146adc0e08a4f88fd9f3c23a486093a2e166d886615e13f14528fe09c95,5,5,20,45,5,threshold
cal_thr-058,cal_thr,40057,fot-tep/fase03/soglie_normal/cal_thr/j/v1,07beaf4f32b6428e260a39e3f3549226ae66154219b91917509abfd0815b2481,7,7,20,55,5,threshold
cal_thr-059,cal_thr,40058,fot-tep/fase03/soglie_normal/cal_thr/j/v1,5929936fba6a91ca7c1cd0d5e9ffd97c73f7fe0dfd1f5c25695648de26d47fa4,3,3,20,35,5,threshold
cal_thr-060,cal_thr,40059,fot-tep/fase03/soglie_normal/cal_thr/j/v1,9ec646141729466470f2829f21f4d5151a34fd6ed0e708a1464bcef27aa14bcd,1,1,20,25,5,threshold
cal_thr-061,cal_thr,40060,fot-tep/fase03/soglie_normal/cal_thr/j/v1,a7de79e21e8975b6e12f878f0eaf7a6d2b22e5c19a496deffabaca4a1459af95,3,3,20,35,5,threshold
cal_thr-062,cal_thr,40061,fot-tep/fase03/soglie_normal/cal_thr/j/v1,126fe970c510c14586d0e11f753293dd8cc24021d1f982d0441010b25f15a320,10,10,20,70,5,threshold
cal_thr-063,cal_thr,40062,fot-tep/fase03/soglie_normal/cal_thr/j/v1,252b808a3e3b00d9bb77a87647bcc2b8a48bf237483ac9dc25adb881a3d3d876,10,10,20,70,5,threshold
cal_thr-064,cal_thr,40063,fot-tep/fase03/soglie_normal/cal_thr/j/v1,9551697d6aff7c7717024367bc16a4bc119da24144fe2f965eae357053d52efd,10,10,20,70,5,threshold
cal_thr-065,cal_thr,40064,fot-tep/fase03/soglie_normal/cal_thr/j/v1,aa0c75fa59e857c23a507dd08a34adf174dba6a398c70123e171126cba75be7f,7,7,20,55,5,threshold
cal_thr-066,cal_thr,40065,fot-tep/fase03/soglie_normal/cal_thr/j/v1,32bc1f04613e961c18208b1f579ce9e39a9876072c343ec04c4000ce24bf8971,1,1,20,25,5,threshold
cal_thr-067,cal_thr,40066,fot-tep/fase03/soglie_normal/cal_thr/j/v1,03f7304d8e0bc57dccdb77bdd097eaffdedc47af2db5f7311924e04bf28f5970,6,6,20,50,5,threshold
cal_thr-068,cal_thr,40067,fot-tep/fase03/soglie_normal/cal_thr/j/v1,17becfb0afc2de105512f32445b47fd5ae54d8ea6596c6bd526b226daafcb464,9,9,20,65,5,threshold
cal_thr-069,cal_thr,40068,fot-tep/fase03/soglie_normal/cal_thr/j/v1,cb79bf7d849c7b7fe5d468c1d99d018ef50a7bbd9d59cb08ae5ef87a1d02b8e0,4,4,20,40,5,threshold
cal_thr-070,cal_thr,40069,fot-tep/fase03/soglie_normal/cal_thr/j/v1,f860a778877aa3bf5e0091bd6f790cfc9622721e75ea20107b74b3097ea5ace2,8,8,20,60,5,threshold
cal_thr-071,cal_thr,40070,fot-tep/fase03/soglie_normal/cal_thr/j/v1,fe61b2b13eecfe52998ea2e817aaa28617d51b71ceb9750bf9595f0a732c8c19,1,1,20,25,5,threshold
cal_thr-072,cal_thr,40071,fot-tep/fase03/soglie_normal/cal_thr/j/v1,471961a0baa25d45cded5d101ce6155c8313e1c3974b3e56ac100306b24fff28,4,4,20,40,5,threshold
cal_thr-073,cal_thr,40072,fot-tep/fase03/soglie_normal/cal_thr/j/v1,d6acf26330bada73d549fdb0017a12b3ef04364a4dff5241d8ec45ef3512819b,10,10,20,70,5,threshold
cal_thr-074,cal_thr,40073,fot-tep/fase03/soglie_normal/cal_thr/j/v1,b9c89b64007926ee699a4f0f7028799f8f8a0acbf88efa1826680ea868a863a5,3,3,20,35,5,threshold
cal_thr-075,cal_thr,40074,fot-tep/fase03/soglie_normal/cal_thr/j/v1,4b1c9310ea1448cb75a8186f3daa0ee3282a45cfdcd7f8cbe2c5ff3e748967dd,6,6,20,50,5,threshold
cal_thr-076,cal_thr,40075,fot-tep/fase03/soglie_normal/cal_thr/j/v1,95f60cae6c7f3ef47ad2bf21479909c7b4a8592c61d43f007dd4e475727be0a5,3,3,20,35,5,threshold
cal_thr-077,cal_thr,40076,fot-tep/fase03/soglie_normal/cal_thr/j/v1,f3da21cae419b2f668c79c9929bd2c32ebc3672b549f8629ecc264b1177d856c,9,9,20,65,5,threshold
cal_thr-078,cal_thr,40077,fot-tep/fase03/soglie_normal/cal_thr/j/v1,ad1a8c2e52cf4de24a4d6cd6c6da21d82196f8e8465d28f402729d254db2139a,3,3,20,35,5,threshold
cal_thr-079,cal_thr,40078,fot-tep/fase03/soglie_normal/cal_thr/j/v1,d207e3e586794b4635fe66f352a2c4541401dd7e53cfd0ddbc28af2eafde1d3d,9,9,20,65,5,threshold
cal_thr-080,cal_thr,40079,fot-tep/fase03/soglie_normal/cal_thr/j/v1,e851034ae461f3d84ffb5b6e732996f3d30d9bf49bc1e2499b9441fdd9cee8de,5,5,20,45,5,threshold
cal_thr-081,cal_thr,40080,fot-tep/fase03/soglie_normal/cal_thr/j/v1,1131d1f85ae9e1a8e8a928326053e94a6ad84c38c01b0abf6cd1869f98125bf8,5,5,20,45,5,threshold
cal_thr-082,cal_thr,40081,fot-tep/fase03/soglie_normal/cal_thr/j/v1,481a5f4a30fc1373790f79ebf2e3c0e5018955215c0dd131f1e9c3938712ecce,2,2,20,30,5,threshold
cal_thr-083,cal_thr,40082,fot-tep/fase03/soglie_normal/cal_thr/j/v1,30cadd0d1b1b9907bf393bcb108306cc62ba99e1944a7885d5f97e9d573c0ff5,4,4,20,40,5,threshold
cal_thr-084,cal_thr,40083,fot-tep/fase03/soglie_normal/cal_thr/j/v1,614e34b2a7139982dccac7b16c6544815b309ef8c4a7be6acf7c091071439b0f,5,5,20,45,5,threshold
cal_thr-085,cal_thr,40084,fot-tep/fase03/soglie_normal/cal_thr/j/v1,c77debfceb2f664cb41171e3ebc816a8e9f26bbc6b47ed530a74067b37436314,7,7,20,55,5,threshold
cal_thr-086,cal_thr,40085,fot-tep/fase03/soglie_normal/cal_thr/j/v1,9c17ecd17376db18e37c364616ea6cb4a5abb8afe52c4b16d5e2493b017548bb,1,1,20,25,5,threshold
cal_thr-087,cal_thr,40086,fot-tep/fase03/soglie_normal/cal_thr/j/v1,f32dbde19505d0458b798e4f07d668c74529d78bf9d2a444908e0f596da3126c,4,4,20,40,5,threshold
cal_thr-088,cal_thr,40087,fot-tep/fase03/soglie_normal/cal_thr/j/v1,49aa47f7dc841f5a879853af259fdf08765319934300cff2b5bf29a3f29bfffb,5,5,20,45,5,threshold
cal_thr-089,cal_thr,40088,fot-tep/fase03/soglie_normal/cal_thr/j/v1,77596f01d56cca9f5c42e3bd1ee8c5f5573e811fc33c4f56e321856ae2231983,8,8,20,60,5,threshold
cal_thr-090,cal_thr,40089,fot-tep/fase03/soglie_normal/cal_thr/j/v1,90603e8615ee55d2d1d1faacc8a47d3efed8012c7da3e2af1714843d752986a2,1,1,20,25,5,threshold
cal_thr-091,cal_thr,40090,fot-tep/fase03/soglie_normal/cal_thr/j/v1,74dc5183878de4617dc322eafa0b226cb449c9ac24a0216c5b162f3ca767553b,10,10,20,70,5,threshold
cal_thr-092,cal_thr,40091,fot-tep/fase03/soglie_normal/cal_thr/j/v1,b2134ccaccf1d25a7115f989eb53a29a944398e59df6e53215bcff2c696141bf,1,1,20,25,5,threshold
cal_thr-093,cal_thr,40092,fot-tep/fase03/soglie_normal/cal_thr/j/v1,514e262d39fa40c88208bf40867acc315f1b4aa12dd694d2d4114211b15585e0,9,9,20,65,5,threshold
cal_thr-094,cal_thr,40093,fot-tep/fase03/soglie_normal/cal_thr/j/v1,20bfc012141c7dfe6493d71de8cc7cb69a8c6a4f5ae1658a08b92df2c20cedd6,1,1,20,25,5,threshold
cal_thr-095,cal_thr,40094,fot-tep/fase03/soglie_normal/cal_thr/j/v1,d69ba6429b2b1fdf19658488813317c81edae2e4015d750ff2ca6dcd2eed53da,4,4,20,40,5,threshold
cal_thr-096,cal_thr,40095,fot-tep/fase03/soglie_normal/cal_thr/j/v1,2083ae42ed9c92a525e454f0e8512ada072fe8b16e7021be137e610df6a4a91d,8,8,20,60,5,threshold
cal_thr-097,cal_thr,40096,fot-tep/fase03/soglie_normal/cal_thr/j/v1,ef49aa7e9046d1d0dc5ed61cdce76af33f49c96d5afade50e937f1a61dd4948e,5,5,20,45,5,threshold
cal_thr-098,cal_thr,40097,fot-tep/fase03/soglie_normal/cal_thr/j/v1,c256401fb02ab661cf997c4995e09c5bb3b1004b69a3c4d8bce173f13bdeae6a,8,8,20,60,5,threshold
cal_thr-099,cal_thr,40098,fot-tep/fase03/soglie_normal/cal_thr/j/v1,fbc5fd9d79a153c72781405610a2d7668befc474c2eff4326652a79edbc95302,8,8,20,60,5,threshold
cal_thr-100,cal_thr,40099,fot-tep/fase03/soglie_normal/cal_thr/j/v1,d91a4dcec8da1a4fdf04b99e91a05b2ab89f0d8084440e77b48096885e9d89c5,10,10,20,70,5,threshold
cal_thr-101,cal_thr,40100,fot-tep/fase03/soglie_normal/cal_thr/j/v1,74cfdc50bd34bbb1384891ed4b20c03b24837f9a300c81aa48a4c9805682af12,4,4,20,40,5,threshold
cal_thr-102,cal_thr,40101,fot-tep/fase03/soglie_normal/cal_thr/j/v1,48c20f3e08c209d541c2004cf3c626cc306932dac4783a7ca3df1a62421bc83d,8,8,20,60,5,threshold
cal_thr-103,cal_thr,40102,fot-tep/fase03/soglie_normal/cal_thr/j/v1,7e0e04b09e9452cb05fae4cf4a79822295ddc610cc96450bef4a6b25dc25c1a9,2,2,20,30,5,threshold
cal_thr-104,cal_thr,40103,fot-tep/fase03/soglie_normal/cal_thr/j/v1,2bb05eca8d72462fe0d60e6386a1b3496be3d9a913fccec4cf4b21bf1f0c7e1d,8,8,20,60,5,threshold
cal_thr-105,cal_thr,40104,fot-tep/fase03/soglie_normal/cal_thr/j/v1,3ab035034de891978c8c3a7ad39d407acf4e12813a41a0db8b98a251911d28cc,6,6,20,50,5,threshold
cal_thr-106,cal_thr,40105,fot-tep/fase03/soglie_normal/cal_thr/j/v1,32cd45632c0eb41179538567b011ffac538902e76af2abcc5a8acabf23d35fb0,4,4,20,40,5,threshold
cal_thr-107,cal_thr,40106,fot-tep/fase03/soglie_normal/cal_thr/j/v1,30ee4d188fa361781f9acf907c332ed269bd6764f3e243adab129dfc469782d4,1,1,20,25,5,threshold
cal_thr-108,cal_thr,40107,fot-tep/fase03/soglie_normal/cal_thr/j/v1,9ba1d9ee7aa825296d16b44ea29cbd670d88b6b7d35ae5e06f4784727997f3b0,10,10,20,70,5,threshold
cal_thr-109,cal_thr,40108,fot-tep/fase03/soglie_normal/cal_thr/j/v1,d552b24e8faf9fb9b30ad4216c644fb4bafc0285505a9666936d6570c25a7f9f,4,4,20,40,5,threshold
cal_thr-110,cal_thr,40109,fot-tep/fase03/soglie_normal/cal_thr/j/v1,9dd1deed55c56659aa5377962a54484c54f3e7f6ccca31a657de3bafe3d31b72,4,4,20,40,5,threshold
cal_thr-111,cal_thr,40110,fot-tep/fase03/soglie_normal/cal_thr/j/v1,4f383f678b703ca5e120b43ed1eb7bb83346964bf322a21f32e379e0451963a9,8,8,20,60,5,threshold
cal_thr-112,cal_thr,40111,fot-tep/fase03/soglie_normal/cal_thr/j/v1,ff73666277293d92a1d13fca1d979917f0eb5f1d07b25d22cf5c047dabb1b718,3,3,20,35,5,threshold
cal_thr-113,cal_thr,40112,fot-tep/fase03/soglie_normal/cal_thr/j/v1,3d90ee61f5a845532e6398def2eb6c6d32d2dfbfa8418e16f9e8120673758f69,6,6,20,50,5,threshold
cal_thr-114,cal_thr,40113,fot-tep/fase03/soglie_normal/cal_thr/j/v1,8899df9a0e593073273c620c2a5c4a0a5229057c0517321ff0fd80489ee4f073,8,8,20,60,5,threshold
cal_thr-115,cal_thr,40114,fot-tep/fase03/soglie_normal/cal_thr/j/v1,675eaf0743597bb2936e587942a38b02230cb7d65bf6a79cd974f9ddaabfd0db,7,7,20,55,5,threshold
cal_thr-116,cal_thr,40115,fot-tep/fase03/soglie_normal/cal_thr/j/v1,0c432f357a25655a39abf71d96c93e9dcbe69bbd3b082f35b3bc98a7016a8c97,5,5,20,45,5,threshold
cal_thr-117,cal_thr,40116,fot-tep/fase03/soglie_normal/cal_thr/j/v1,534baa0a906d4c1b38dc9d4200427e2297934cacfaa6ece55fd3bb2df168994d,10,10,20,70,5,threshold
cal_thr-118,cal_thr,40117,fot-tep/fase03/soglie_normal/cal_thr/j/v1,515ef8591edd2ceb6441cf729a604d0f1233079894081f063c4406473395d4a8,8,8,20,60,5,threshold
cal_thr-119,cal_thr,40118,fot-tep/fase03/soglie_normal/cal_thr/j/v1,359d721a9aaa972efffaea8d75f3c407c797d97cdff040848784dae5ca024496,7,7,20,55,5,threshold
cal_thr-120,cal_thr,40119,fot-tep/fase03/soglie_normal/cal_thr/j/v1,4f85e6472670a9052eb478f6547745fb188417328565445912cb734f015e7d6f,8,8,20,60,5,threshold
cal_thr-121,cal_thr,40120,fot-tep/fase03/soglie_normal/cal_thr/j/v1,d95fe5e6144263122827695916d47cc3ca0a5c4b72acb28af36194a9b20edea4,5,5,20,45,5,threshold
cal_thr-122,cal_thr,40121,fot-tep/fase03/soglie_normal/cal_thr/j/v1,b83039cdfa1409d544d508cd8e38f44c58d21a70132ad22579189567eaeb9c10,2,2,20,30,5,threshold
cal_thr-123,cal_thr,40122,fot-tep/fase03/soglie_normal/cal_thr/j/v1,afa3afdaff959ba173452eac48b7fe6d3fdd1e2b4336db5117178864989bb95b,2,2,20,30,5,threshold
cal_thr-124,cal_thr,40123,fot-tep/fase03/soglie_normal/cal_thr/j/v1,a386fe01caee4dafdc43f4d4132b65eecf93b498cf7df9ead81acec0d8058e9a,10,10,20,70,5,threshold
cal_thr-125,cal_thr,40124,fot-tep/fase03/soglie_normal/cal_thr/j/v1,d507aa4861014c32fa4032f8237ebe0a41cf4c10dae08dc5402e78db4c3c9694,7,7,20,55,5,threshold
cal_thr-126,cal_thr,40125,fot-tep/fase03/soglie_normal/cal_thr/j/v1,04242bbecbcdc63e17c62c8112dfe07a484ea852264b976bf590052ff1995340,7,7,20,55,5,threshold
cal_thr-127,cal_thr,40126,fot-tep/fase03/soglie_normal/cal_thr/j/v1,0090731f1f69fde73131df32f3d2edce7c5e9b8199de32526a44c1da8669ba54,6,6,20,50,5,threshold
cal_thr-128,cal_thr,40127,fot-tep/fase03/soglie_normal/cal_thr/j/v1,f70a0c9557e6967eb0a01e386f593f863afaa972ae54d75faa77d871c62eeb75,7,7,20,55,5,threshold
cal_thr-129,cal_thr,40128,fot-tep/fase03/soglie_normal/cal_thr/j/v1,b487b5ae8efcf151d8e5e2e6f181815563f80ead29d27dc66fe9531f09b41656,2,2,20,30,5,threshold
cal_thr-130,cal_thr,40129,fot-tep/fase03/soglie_normal/cal_thr/j/v1,dcce4747f128c6707971e461c2d72dd92cd0894fd1c780df11b921f939c7cdb0,5,5,20,45,5,threshold
cal_thr-131,cal_thr,40130,fot-tep/fase03/soglie_normal/cal_thr/j/v1,7797a43cbc36ebcbb0126f0a17b6037c924282e4da712cd53fc1dd758259aad1,10,10,20,70,5,threshold
cal_thr-132,cal_thr,40131,fot-tep/fase03/soglie_normal/cal_thr/j/v1,75f1daa603b0d7fc7c30f1f7911a64cd895c1471137a5b325a7c3f1b872936b2,9,9,20,65,5,threshold
cal_thr-133,cal_thr,40132,fot-tep/fase03/soglie_normal/cal_thr/j/v1,629001d47e0cc4a5adf39ab46a152ac27d713123d2fc0c59236227a21adb4aec,10,10,20,70,5,threshold
cal_thr-134,cal_thr,40133,fot-tep/fase03/soglie_normal/cal_thr/j/v1,c08a4a857f8e82c9935a23ff65ed6e7f62ddab91f539e606b6f0da979cc5d37b,8,8,20,60,5,threshold
cal_thr-135,cal_thr,40134,fot-tep/fase03/soglie_normal/cal_thr/j/v1,803cd16a93dbfccde20c76cfa996d72a3ba766a4cd8b664abe1238bbe4c81a06,2,2,20,30,5,threshold
cal_thr-136,cal_thr,40135,fot-tep/fase03/soglie_normal/cal_thr/j/v1,95f7cbecf378c654e210d192062b6342735c914a7820b24254236c038732046c,1,1,20,25,5,threshold
cal_thr-137,cal_thr,40136,fot-tep/fase03/soglie_normal/cal_thr/j/v1,41253e78d5419713c2798944dbce92806f97379365d6fbdd5dccd43821cc4ee6,8,8,20,60,5,threshold
cal_thr-138,cal_thr,40137,fot-tep/fase03/soglie_normal/cal_thr/j/v1,ef5732166c9de5469343670df71d02828e3cdc647cf2076940b36fe292af6f71,3,3,20,35,5,threshold
cal_thr-139,cal_thr,40138,fot-tep/fase03/soglie_normal/cal_thr/j/v1,ff38d79495723ed9938d9f54ba0904a343898d539a31f8a9bd65b90269711b6c,2,2,20,30,5,threshold
cal_thr-140,cal_thr,40139,fot-tep/fase03/soglie_normal/cal_thr/j/v1,8c52b571fd139b6d4a0c1aafd29a68077eaf25246cd30313eb6038f1134c0fd0,8,8,20,60,5,threshold
cal_thr-141,cal_thr,40140,fot-tep/fase03/soglie_normal/cal_thr/j/v1,93dc106c16416980cbc0a8fb6db267b9b757b7796d1e630604bd7d6ec69640dd,7,7,20,55,5,threshold
cal_thr-142,cal_thr,40141,fot-tep/fase03/soglie_normal/cal_thr/j/v1,85ea7edf8e82d56e12f22c7c510e48b0e3987a0a95904fcffbc6d2e7a49328a0,7,7,20,55,5,threshold
cal_thr-143,cal_thr,40142,fot-tep/fase03/soglie_normal/cal_thr/j/v1,fb453534b4aa610bedf97187ea4866ce39d22743c557111af9cbfe2eb3c07bbc,4,4,20,40,5,threshold
cal_thr-144,cal_thr,40143,fot-tep/fase03/soglie_normal/cal_thr/j/v1,e0cefb541a1baca37302ce4a0c902f7a67ed91bb4eb87837f78a1bc40bf7a2c9,4,4,20,40,5,threshold
cal_thr-145,cal_thr,40144,fot-tep/fase03/soglie_normal/cal_thr/j/v1,8d569d6d5aa8452d011b546c6cd885a25426fcdf09a2cc7bb5a9f8d420011f69,6,6,20,50,5,threshold
cal_thr-146,cal_thr,40145,fot-tep/fase03/soglie_normal/cal_thr/j/v1,295a8a6a30bb78d0fedf9d4db3bb490eba0494677904fec6258675958eea5f3b,9,9,20,65,5,threshold
cal_thr-147,cal_thr,40146,fot-tep/fase03/soglie_normal/cal_thr/j/v1,d1f9f4d21344e6e4bccaabe466df2d7eea2843c797ec47e6eb12aa7d7a6736b0,3,3,20,35,5,threshold
cal_thr-148,cal_thr,40147,fot-tep/fase03/soglie_normal/cal_thr/j/v1,46c204f75aa2aa5de1dd27d62d73faafbc6759cca00df688786b0070f6660ead,6,6,20,50,5,threshold
cal_thr-149,cal_thr,40148,fot-tep/fase03/soglie_normal/cal_thr/j/v1,6e262b0092825dfc51507b4ed70ce9101e1ead86508a45dbbf0876f039760691,3,3,20,35,5,threshold
cal_thr-150,cal_thr,40149,fot-tep/fase03/soglie_normal/cal_thr/j/v1,0da01930ee84f19a56d36ca0dba22eb01e6f3315ac7e7abd8dd5469a5ea23743,7,7,20,55,5,threshold
cal_thr-151,cal_thr,40150,fot-tep/fase03/soglie_normal/cal_thr/j/v1,958779de90ecb59ee8a5311c8627cd5c5569267d7ca1623155356b34d71540d0,7,7,20,55,5,threshold
cal_thr-152,cal_thr,40151,fot-tep/fase03/soglie_normal/cal_thr/j/v1,86e2b2bd572fb07cc57b3e47c3cdb4f3c3209407148448011aa22ff7ad5d1fb7,7,7,20,55,5,threshold
cal_thr-153,cal_thr,40152,fot-tep/fase03/soglie_normal/cal_thr/j/v1,a4c7fb1dbd364b147a37e2bd8a7409135d91635baf6d9766e0ea7f2be50995ca,7,7,20,55,5,threshold
cal_thr-154,cal_thr,40153,fot-tep/fase03/soglie_normal/cal_thr/j/v1,1dbe7057d89cd57301245def61c080728e5dd0d986b2d192871cb601f3ea0766,4,4,20,40,5,threshold
cal_thr-155,cal_thr,40154,fot-tep/fase03/soglie_normal/cal_thr/j/v1,7bb97dcccac1f7e477e38504514e78460aee4227691ddf78be57f4f03335f726,3,3,20,35,5,threshold
cal_thr-156,cal_thr,40155,fot-tep/fase03/soglie_normal/cal_thr/j/v1,d1133efbac338f163348b7fa0dfcdcada60ce3b145ac622e6dae32c51fd29ded,5,5,20,45,5,threshold
cal_thr-157,cal_thr,40156,fot-tep/fase03/soglie_normal/cal_thr/j/v1,6c29b404fad3594e6d8236c44e506568dac92c3a34f6aa9da5ff7b4917bfec2d,7,7,20,55,5,threshold
cal_thr-158,cal_thr,40157,fot-tep/fase03/soglie_normal/cal_thr/j/v1,0e544454480ef1d6a8f2686b7e504c76719877aed77c571e51598dd2113b4917,7,7,20,55,5,threshold
cal_thr-159,cal_thr,40158,fot-tep/fase03/soglie_normal/cal_thr/j/v1,44a073a0bf1968497cb9c4e9a08fcd4ae404966c071d707c5f1b47999e3e51ea,2,2,20,30,5,threshold
cal_thr-160,cal_thr,40159,fot-tep/fase03/soglie_normal/cal_thr/j/v1,e1cb4d16dd0ec6ab22b614ded24a5733015c9aaf89a58208b69cecc7102201e2,2,2,20,30,5,threshold
cal_thr-161,cal_thr,40160,fot-tep/fase03/soglie_normal/cal_thr/j/v1,93557f8aa7c061ed7e31d6c4d4a5e04ca05d755d5b839f4b79831f94b98df098,6,6,20,50,5,threshold
cal_thr-162,cal_thr,40161,fot-tep/fase03/soglie_normal/cal_thr/j/v1,e04576feda7a0c1db19e166e9ab197a54c55daae848e93830fa217f4bca230c7,2,2,20,30,5,threshold
cal_thr-163,cal_thr,40162,fot-tep/fase03/soglie_normal/cal_thr/j/v1,a2cdff83019a3696e38f16160d4e9a939ba4e05d917ff6fade00e5de1d53c102,3,3,20,35,5,threshold
cal_thr-164,cal_thr,40163,fot-tep/fase03/soglie_normal/cal_thr/j/v1,6b5d6ed3852312ad990d5454ca8916bfc446f6a136f720c8c4bc5461992eaa6a,6,6,20,50,5,threshold
cal_thr-165,cal_thr,40164,fot-tep/fase03/soglie_normal/cal_thr/j/v1,68a55e8475be346d5197f2a506b1f8d6e56249aebdf0f98c41b127fdfd5c209d,4,4,20,40,5,threshold
cal_thr-166,cal_thr,40165,fot-tep/fase03/soglie_normal/cal_thr/j/v1,bea942c8d6c34001afdfe00eda9752c91a1621fdd2f417d7623f4e5c9687e6cf,10,10,20,70,5,threshold
cal_thr-167,cal_thr,40166,fot-tep/fase03/soglie_normal/cal_thr/j/v1,24dbd3c5a69e02176716edc0085e46da2cd695add83129ecdd64a74a1595b4a5,8,8,20,60,5,threshold
cal_thr-168,cal_thr,40167,fot-tep/fase03/soglie_normal/cal_thr/j/v1,a5273f9b4522b9dea76d497365bbb7b42e20b1cee5ac6671f327a274963b9c90,3,3,20,35,5,threshold
cal_thr-169,cal_thr,40168,fot-tep/fase03/soglie_normal/cal_thr/j/v1,fc689c062c1b56ba6589402058e8b27445e0937580775c86dd1affc424bb88e3,7,7,20,55,5,threshold
cal_thr-170,cal_thr,40169,fot-tep/fase03/soglie_normal/cal_thr/j/v1,213e3102825915f5197d325ff15be48a1b52e23af01f11e25d3bbaf3f667ddec,2,2,20,30,5,threshold
cal_thr-171,cal_thr,40170,fot-tep/fase03/soglie_normal/cal_thr/j/v1,a246fb60cbdbf9d1c5b4ecda8ee5229423950f0bd19a6197066b43929a9ff678,10,10,20,70,5,threshold
cal_thr-172,cal_thr,40171,fot-tep/fase03/soglie_normal/cal_thr/j/v1,f4fb3c94250fbf938da818b321fb730c907e32da306d96546c183dff55a005e3,4,4,20,40,5,threshold
cal_thr-173,cal_thr,40172,fot-tep/fase03/soglie_normal/cal_thr/j/v1,4bc0444769b6b135458835c2e0a353242e7fba8e0719ad8192d67aaf77f65d12,4,4,20,40,5,threshold
cal_thr-174,cal_thr,40173,fot-tep/fase03/soglie_normal/cal_thr/j/v1,61d59f3eafcc98d5ab09acebdcb28fde91cfb1fc12da4b4be87001ab3069058e,6,6,20,50,5,threshold
cal_thr-175,cal_thr,40174,fot-tep/fase03/soglie_normal/cal_thr/j/v1,800fc1c174d3e656b09221780c596c6201051ff1749195cc56b406655a0d0f09,3,3,20,35,5,threshold
cal_thr-176,cal_thr,40175,fot-tep/fase03/soglie_normal/cal_thr/j/v1,668088b467a944814ce529bda582f32d9d392b52548d71f9055e01fb95351fee,6,6,20,50,5,threshold
cal_thr-177,cal_thr,40176,fot-tep/fase03/soglie_normal/cal_thr/j/v1,86896cd04b4796cb1399af94562912aa65f9c71f72e8c7b7af30b3a176bd5228,2,2,20,30,5,threshold
cal_thr-178,cal_thr,40177,fot-tep/fase03/soglie_normal/cal_thr/j/v1,52a08620d40941b3f1a123240d22653e58b99822b02718b479bf6e4fb16d825e,4,4,20,40,5,threshold
cal_thr-179,cal_thr,40178,fot-tep/fase03/soglie_normal/cal_thr/j/v1,09e80e0cbd2676ed5aa0e11bbd3d7e7d37fa13801c325c8d9b46b6d7ffb67431,10,10,20,70,5,threshold
cal_thr-180,cal_thr,40179,fot-tep/fase03/soglie_normal/cal_thr/j/v1,c4bd6829570cb88282e070a2cfeb778a739236a9603a0356c6a75a13978ccee9,9,9,20,65,5,threshold
cal_thr-181,cal_thr,40180,fot-tep/fase03/soglie_normal/cal_thr/j/v1,752557f6deff4eab9f834806bb61d16dfcbbb712f26e9dbe4641f21ccc22e655,4,4,20,40,5,threshold
cal_thr-182,cal_thr,40181,fot-tep/fase03/soglie_normal/cal_thr/j/v1,12e243bf87c6647e35e93f13b9d1a3acd2ea310add7c562a8c57c6197e1a6b72,7,7,20,55,5,threshold
cal_thr-183,cal_thr,40182,fot-tep/fase03/soglie_normal/cal_thr/j/v1,787273be1135a39c04cba03719dd91746337f61f982607181d8b77356fb1095d,9,9,20,65,5,threshold
cal_thr-184,cal_thr,40183,fot-tep/fase03/soglie_normal/cal_thr/j/v1,5026be18d26310c7bbabb66298dcb55ee7a64d5688b0cb15c2aaefbbe86ee058,2,2,20,30,5,threshold
cal_thr-185,cal_thr,40184,fot-tep/fase03/soglie_normal/cal_thr/j/v1,9cfaa5f32591a47c7ed493cbe4bfba11c044a81cddff2b7506064872f067daf6,5,5,20,45,5,threshold
cal_thr-186,cal_thr,40185,fot-tep/fase03/soglie_normal/cal_thr/j/v1,4011ba27e8e1ea0c3954160ca502d6ffef2ce1b4d6b97415d82932cbff7ca687,5,5,20,45,5,threshold
cal_thr-187,cal_thr,40186,fot-tep/fase03/soglie_normal/cal_thr/j/v1,a368633a319809e8f8daed3f257a25390d5016a76c0253c91b2d3001cc815ca6,7,7,20,55,5,threshold
cal_thr-188,cal_thr,40187,fot-tep/fase03/soglie_normal/cal_thr/j/v1,f43c0d34997b2a21343d89b8e48b5207a01b37a4fc61373b0d65f05d6505aa90,6,6,20,50,5,threshold
cal_thr-189,cal_thr,40188,fot-tep/fase03/soglie_normal/cal_thr/j/v1,2070b959a15ea86c6c2ae6067d8304cc3c3711d8b9e3f75b57367ff42a4cf6c8,5,5,20,45,5,threshold
cal_thr-190,cal_thr,40189,fot-tep/fase03/soglie_normal/cal_thr/j/v1,7a1ee5081e14852fef59f6d4fb969092fccbcd378f5a843bc662bce9e32ff268,10,10,20,70,5,threshold
cal_thr-191,cal_thr,40190,fot-tep/fase03/soglie_normal/cal_thr/j/v1,3029fd2a7397026c28344f068d2e8f9faa9ad9279c459ff2520b0d52a71826c8,1,1,20,25,5,threshold
cal_thr-192,cal_thr,40191,fot-tep/fase03/soglie_normal/cal_thr/j/v1,277e5b1a5b9af25e4c9098bb84b46ed1569b52bd543d818fc4fc26e0304718d9,9,9,20,65,5,threshold
cal_thr-193,cal_thr,40192,fot-tep/fase03/soglie_normal/cal_thr/j/v1,c2ad9c31262b8a0ddbb217989db2c56135560c451bee75cc365eaeed5781e6fd,10,10,20,70,5,threshold
cal_thr-194,cal_thr,40193,fot-tep/fase03/soglie_normal/cal_thr/j/v1,0211d02dc509937b8a29bf38db330c2c4e37ce031f8bf8695ac48d6967d76b5b,4,4,20,40,5,threshold
cal_thr-195,cal_thr,40194,fot-tep/fase03/soglie_normal/cal_thr/j/v1,05aae3c2f141264ba4744080f4b4456d1bba128bd38b9a146e44d18f83b07090,6,6,20,50,5,threshold
cal_thr-196,cal_thr,40195,fot-tep/fase03/soglie_normal/cal_thr/j/v1,0f9916793425bcccc7a0dfe34d7f2560882efb0c45d4b231f9f312cbc85a58cd,3,3,20,35,5,threshold
cal_thr-197,cal_thr,40196,fot-tep/fase03/soglie_normal/cal_thr/j/v1,12d9407076a79eddd715fbc606c9348f22394eb9ecf2803d4f86d8c31dc51753,6,6,20,50,5,threshold
cal_thr-198,cal_thr,40197,fot-tep/fase03/soglie_normal/cal_thr/j/v1,52456f72ec6ea6b48f7bd97304aa937b5613cba04a6c0dfeca1118107996093e,9,9,20,65,5,threshold
cal_thr-199,cal_thr,40198,fot-tep/fase03/soglie_normal/cal_thr/j/v1,a532ba68a92c802b2a54b010b0987e9d011e1a0d6d93ff6fe9433ddcd88838d3,10,10,20,70,5,threshold
cal_thr-200,cal_thr,40199,fot-tep/fase03/soglie_normal/cal_thr/j/v1,1bae427c8ee8215a345a51cf559d36d6af2ce3d88ebfba41a7d18aa32295f308,9,9,20,65,5,threshold
cal_thr-201,cal_thr,40200,fot-tep/fase03/soglie_normal/cal_thr/j/v1,d8603d8f31b362a8961aab240c5494beadeebcdce1cfbde7a60d1af74748a09e,1,1,20,25,5,threshold
cal_thr-202,cal_thr,40201,fot-tep/fase03/soglie_normal/cal_thr/j/v1,759d34208a588c00970dce21ee5104591be36a96c04f8cb8b75258a789d2350e,5,5,20,45,5,threshold
cal_thr-203,cal_thr,40202,fot-tep/fase03/soglie_normal/cal_thr/j/v1,0f42386a1dfbd8801320d1ae6eec9985e3e919ff8e826df02725538ceda702ae,3,3,20,35,5,threshold
cal_thr-204,cal_thr,40203,fot-tep/fase03/soglie_normal/cal_thr/j/v1,f9ff54f9b598c112037b05f50a71a52b57626a3a7dd3daff87f1326c6cb2f204,7,7,20,55,5,threshold
cal_thr-205,cal_thr,40204,fot-tep/fase03/soglie_normal/cal_thr/j/v1,ce633004e3a934c0061348f968c44b26cd6c4a94f11ad0691512276053759a99,3,3,20,35,5,threshold
cal_thr-206,cal_thr,40205,fot-tep/fase03/soglie_normal/cal_thr/j/v1,02e940ba83f5f7f9144504636746ecb588c7b52fd4eac020ff1f82166470c9d7,8,8,20,60,5,threshold
cal_thr-207,cal_thr,40206,fot-tep/fase03/soglie_normal/cal_thr/j/v1,a3569189586e80e910c6e36afa56fec32e0161e3c8c1524481d5ceb764157b03,6,6,20,50,5,threshold
cal_thr-208,cal_thr,40207,fot-tep/fase03/soglie_normal/cal_thr/j/v1,38cfc50b842bb79cf8b987339976a25eaa8e67d1b0f6f0f108ccfd90bfc7c716,1,1,20,25,5,threshold
cal_thr-209,cal_thr,40208,fot-tep/fase03/soglie_normal/cal_thr/j/v1,e676865803137e07cc6dfd5ab8c4d2fb7f936e09a4115ad05661a69bd2af25da,6,6,20,50,5,threshold
cal_thr-210,cal_thr,40209,fot-tep/fase03/soglie_normal/cal_thr/j/v1,462a75738e135ac0159734b2d87c71471b91c2340953917f6852f3ca609987c2,3,3,20,35,5,threshold
cal_thr-211,cal_thr,40210,fot-tep/fase03/soglie_normal/cal_thr/j/v1,7a23b85253a42da8e6e8bdd5e720222a8d9605f42c4e28436adc1513d54168cd,9,9,20,65,5,threshold
cal_thr-212,cal_thr,40211,fot-tep/fase03/soglie_normal/cal_thr/j/v1,108d1f81aae99b639aad89c683be2bce635d002dd81a1ea19f19735e231f0680,10,10,20,70,5,threshold
cal_thr-213,cal_thr,40212,fot-tep/fase03/soglie_normal/cal_thr/j/v1,0a5166096c207a7f86df4b1d753c8e633dda7bcd75d04d1932c72a46f9705a10,2,2,20,30,5,threshold
cal_thr-214,cal_thr,40213,fot-tep/fase03/soglie_normal/cal_thr/j/v1,a6143c8d9012697dc49dcf72b883b43f490711c603f592962cac5055485ba014,10,10,20,70,5,threshold
cal_thr-215,cal_thr,40214,fot-tep/fase03/soglie_normal/cal_thr/j/v1,1b4376ea6549b7304fe182c9db5320194434c27421b1c21a8cfc36420035b24c,7,7,20,55,5,threshold
cal_thr-216,cal_thr,40215,fot-tep/fase03/soglie_normal/cal_thr/j/v1,327460c723fc55bdb5331bad66d173ca738628ff3a4b9cf0ec84bba339d9da91,8,8,20,60,5,threshold
cal_thr-217,cal_thr,40216,fot-tep/fase03/soglie_normal/cal_thr/j/v1,9e400d92d0cf8d86c8894b07d6ef81ac0324869597d32a496c6d9faf040f3ab5,7,7,20,55,5,threshold
cal_thr-218,cal_thr,40217,fot-tep/fase03/soglie_normal/cal_thr/j/v1,0c084b5dbb03addf9331fbe2005804f2189f22b3ed0ad750b4e03c911dfe98b2,10,10,20,70,5,threshold
cal_thr-219,cal_thr,40218,fot-tep/fase03/soglie_normal/cal_thr/j/v1,a78fb25b8476712e8324fe64b216b7e2662beec5a992afda027125efe0d07445,9,9,20,65,5,threshold
cal_thr-220,cal_thr,40219,fot-tep/fase03/soglie_normal/cal_thr/j/v1,2707f70aab2c14badc414e3362efd5b25a5d2152581ac7b2fb83c53fc4db39a5,5,5,20,45,5,threshold
cal_thr-221,cal_thr,40220,fot-tep/fase03/soglie_normal/cal_thr/j/v1,a4daf7fe68c79df7d2dcccaa5e8aeaabe019ee9869ea6f8559015ed2bf0b8257,6,6,20,50,5,threshold
cal_thr-222,cal_thr,40221,fot-tep/fase03/soglie_normal/cal_thr/j/v1,63a01a0d448471594d07f44e71939753304213c53e23ed671f332ad63caf3aa1,6,6,20,50,5,threshold
cal_thr-223,cal_thr,40222,fot-tep/fase03/soglie_normal/cal_thr/j/v1,8f1e3c284dd0399ceb692ba1ce71810ab37a41f4ede288fb54041011ad2d95db,7,7,20,55,5,threshold
cal_thr-224,cal_thr,40223,fot-tep/fase03/soglie_normal/cal_thr/j/v1,c7a877506584d758bf4ea6f2783d4418f44e6fddf94d0bf1d6e848070a0c2179,3,3,20,35,5,threshold
cal_thr-225,cal_thr,40224,fot-tep/fase03/soglie_normal/cal_thr/j/v1,43e52b034fca5d68a29dfae4b4b5dad7ccf450f572730c80030586f215d81790,1,1,20,25,5,threshold
cal_thr-226,cal_thr,40225,fot-tep/fase03/soglie_normal/cal_thr/j/v1,9be1f1d28270560430d59460bde327ee445f204ca873c7432c9159ff9855b1ce,9,9,20,65,5,threshold
cal_thr-227,cal_thr,40226,fot-tep/fase03/soglie_normal/cal_thr/j/v1,694f6e15c95200a6d5a880809bc969eb211f3a83de3a704ac14b0401bdf12b47,5,5,20,45,5,threshold
cal_thr-228,cal_thr,40227,fot-tep/fase03/soglie_normal/cal_thr/j/v1,ec5ae114ab9e9fe623bf5b468d7e03a51bc2303e7051cb450ee78b510fc0052f,5,5,20,45,5,threshold
cal_thr-229,cal_thr,40228,fot-tep/fase03/soglie_normal/cal_thr/j/v1,007797748177cfc9663186adeb33dce8fb728d0a55801affb3acbf56fa8f1228,8,8,20,60,5,threshold
cal_thr-230,cal_thr,40229,fot-tep/fase03/soglie_normal/cal_thr/j/v1,b487ce19700b41f44d0905965568e8fdd0303790f85dd8e1b3cd0d98a7c53686,9,9,20,65,5,threshold
cal_thr-231,cal_thr,40230,fot-tep/fase03/soglie_normal/cal_thr/j/v1,e448102efc25a1f02e2b25704f7f4e7fa11b7d1ac96fd1a5c85223a55756cebb,3,3,20,35,5,threshold
cal_thr-232,cal_thr,40231,fot-tep/fase03/soglie_normal/cal_thr/j/v1,3c5b4f7cbefa7b4599743996673c50eb9cbc34991f6f303787631396447f7eee,2,2,20,30,5,threshold
cal_thr-233,cal_thr,40232,fot-tep/fase03/soglie_normal/cal_thr/j/v1,be604bea3a062ced84247b93bed841ffa5f32a0b2b6c1cc141924b9dba882709,6,6,20,50,5,threshold
cal_thr-234,cal_thr,40233,fot-tep/fase03/soglie_normal/cal_thr/j/v1,4b424077e011680c5d04c5c52fac652684e397fdffbee08b755f66791367bf46,7,7,20,55,5,threshold
cal_thr-235,cal_thr,40234,fot-tep/fase03/soglie_normal/cal_thr/j/v1,4cec46224a8a101aa33612b3cb1338752c41db7c546ff44290a472fa527ab58f,1,1,20,25,5,threshold
cal_thr-236,cal_thr,40235,fot-tep/fase03/soglie_normal/cal_thr/j/v1,82dba64926300de349f9b9a32e756a72eebdec86642a85b2b3c0503156d3d0e9,10,10,20,70,5,threshold
cal_thr-237,cal_thr,40236,fot-tep/fase03/soglie_normal/cal_thr/j/v1,48ea42f75456d1d3d4f1a4453be9042d30d74c2679253d73fb0088d1070274be,10,10,20,70,5,threshold
cal_thr-238,cal_thr,40237,fot-tep/fase03/soglie_normal/cal_thr/j/v1,950dd693caed0c7617065049ffab83f766a07b2842ac2533c486651d7da0fcb9,3,3,20,35,5,threshold
cal_thr-239,cal_thr,40238,fot-tep/fase03/soglie_normal/cal_thr/j/v1,aef1832a7d32da204f52ae29e8f6e6964f8b6cbcae818cc417ad910523c0ccd4,9,9,20,65,5,threshold
cal_thr-240,cal_thr,40239,fot-tep/fase03/soglie_normal/cal_thr/j/v1,5210789ef7f0927c83aa04dd5006fdcbe30f63d33c1c1aeb3460b055c620121a,9,9,20,65,5,threshold
cal_thr-241,cal_thr,40240,fot-tep/fase03/soglie_normal/cal_thr/j/v1,7342cc80e103f5fde4846bb1bfbee968875cadd8de04ef313cfb878827472db9,10,10,20,70,5,threshold
cal_thr-242,cal_thr,40241,fot-tep/fase03/soglie_normal/cal_thr/j/v1,98a4b6b4175a8089cb1d05975cc256a6b5dd682cdf861cef0c580aab025e8bf6,2,2,20,30,5,threshold
cal_thr-243,cal_thr,40242,fot-tep/fase03/soglie_normal/cal_thr/j/v1,330c94056aa527414f94048681da7f9d6dd8ed666eab95db001782c574f8e016,2,2,20,30,5,threshold
cal_thr-244,cal_thr,40243,fot-tep/fase03/soglie_normal/cal_thr/j/v1,815235e4f8aefbf8a0528c6ffbf94d442df2fc12910a2cafc6e4712d544080d7,9,9,20,65,5,threshold
cal_thr-245,cal_thr,40244,fot-tep/fase03/soglie_normal/cal_thr/j/v1,024c0d15d72f91c98c06b457aaa52cc547553bdcd663f8ab4657c4a7967e60ef,6,6,20,50,5,threshold
cal_thr-246,cal_thr,40245,fot-tep/fase03/soglie_normal/cal_thr/j/v1,640b91d1eceee0f30a19d6d8da03bad5c1a32f6031b12a92611c46b05b6e1bec,2,2,20,30,5,threshold
cal_thr-247,cal_thr,40246,fot-tep/fase03/soglie_normal/cal_thr/j/v1,b42ef02fbe5cea5db10a4b6eb33cf4cdbb72f3e3d905e4e773937e8c77d5a17b,8,8,20,60,5,threshold
cal_thr-248,cal_thr,40247,fot-tep/fase03/soglie_normal/cal_thr/j/v1,4faa896a3c2c81f552b4651ac336704499239f09d47db88b43cd2941e2ecc26a,6,6,20,50,5,threshold
cal_thr-249,cal_thr,40248,fot-tep/fase03/soglie_normal/cal_thr/j/v1,e36411f7f12379d987dec660065746aa31e38f7f9e1a4b21417d16255331ec90,6,6,20,50,5,threshold
cal_thr-250,cal_thr,40249,fot-tep/fase03/soglie_normal/cal_thr/j/v1,4b7dd1209f7ee374f7b1b7277f3b65e6caaf521747d2338ac6a1b3302488e28b,5,5,20,45,5,threshold
cal_thr-251,cal_thr,40250,fot-tep/fase03/soglie_normal/cal_thr/j/v1,4b7d3fb893e697c2fca20a3904113bd42aaf66caac3ef3b83ff769e4c748be60,5,5,20,45,5,threshold
cal_thr-252,cal_thr,40251,fot-tep/fase03/soglie_normal/cal_thr/j/v1,8b7d17abf40687925ef74562683c9a63ccd5a65dfc322a4e40f7fe2402f8aeb6,5,5,20,45,5,threshold
cal_thr-253,cal_thr,40252,fot-tep/fase03/soglie_normal/cal_thr/j/v1,e2a18b96b93e055f2670e6faff01fe1f52a10743aaccbc5ebd0d458e4bcbe93e,4,4,20,40,5,threshold
cal_thr-254,cal_thr,40253,fot-tep/fase03/soglie_normal/cal_thr/j/v1,3fa1df81084cc812d44ef67f32a884395c45ab3e63828b58b591d5696123b949,9,9,20,65,5,threshold
cal_thr-255,cal_thr,40254,fot-tep/fase03/soglie_normal/cal_thr/j/v1,914801f26c176d6884859ff2c7be70be6aba1cb6979a5f918012b48c6e29c89c,5,5,20,45,5,threshold
cal_thr-256,cal_thr,40255,fot-tep/fase03/soglie_normal/cal_thr/j/v1,63c4e288cd3ddb3649cd4c3d58aeee2005b45a509270921b8e6e4d3fb24aa7b1,7,7,20,55,5,threshold
cal_thr-257,cal_thr,40256,fot-tep/fase03/soglie_normal/cal_thr/j/v1,1c091f54435caefdba0ff85ffa69ef3852f63c18fb8ee379b880b5d2dc28a0f4,4,4,20,40,5,threshold
cal_thr-258,cal_thr,40257,fot-tep/fase03/soglie_normal/cal_thr/j/v1,a32e3569dd0f3fce9101a20f6e4bfa02f31f4a9fa4f33fddb4b12c1b00e17442,3,3,20,35,5,threshold
cal_thr-259,cal_thr,40258,fot-tep/fase03/soglie_normal/cal_thr/j/v1,341111c11c8c8ab22e72d6cff51143bd001a08a50bb3068ec91946b31235a413,9,9,20,65,5,threshold
cal_thr-260,cal_thr,40259,fot-tep/fase03/soglie_normal/cal_thr/j/v1,4b784a1f7bcaeaca951261ea189da9101bc4683338a2670f7233c952bc7d726a,7,7,20,55,5,threshold
cal_thr-261,cal_thr,40260,fot-tep/fase03/soglie_normal/cal_thr/j/v1,1ad48c9c1aa000213eb1c39ff18904ecfa9217b6fb63064d7614aa9805fa5075,4,4,20,40,5,threshold
cal_thr-262,cal_thr,40261,fot-tep/fase03/soglie_normal/cal_thr/j/v1,d1c99288f6c660ecccdd449006ff0425132ca089ba7a0db55eda075167127860,9,9,20,65,5,threshold
cal_thr-263,cal_thr,40262,fot-tep/fase03/soglie_normal/cal_thr/j/v1,f5f4bde19ed97734c80d8ade45f523997c4984d85f50b4de9a2a65c403d3e615,5,5,20,45,5,threshold
cal_thr-264,cal_thr,40263,fot-tep/fase03/soglie_normal/cal_thr/j/v1,e6616d1bb518daa9685e7a6547ff62926f2207549108d96bafa0afc719e2f673,6,6,20,50,5,threshold
cal_thr-265,cal_thr,40264,fot-tep/fase03/soglie_normal/cal_thr/j/v1,afd6aa394ee2200a4f15de7fdb7745bcee87fa122d4593167b200423e7413319,3,3,20,35,5,threshold
cal_thr-266,cal_thr,40265,fot-tep/fase03/soglie_normal/cal_thr/j/v1,0ad9fbc3ccd72b1a3f44791a717c03a59ef4014a474e6d5d11771ac017e406f3,7,7,20,55,5,threshold
cal_thr-267,cal_thr,40266,fot-tep/fase03/soglie_normal/cal_thr/j/v1,e66faa0efe1a2b3bdb094532a7bf2194cdb945197dd9719a7f0b5245b47a682a,8,8,20,60,5,threshold
cal_thr-268,cal_thr,40267,fot-tep/fase03/soglie_normal/cal_thr/j/v1,5284098f9ad6796d2eae61bb840e33af9ecf3e6acdd479d0a51a908e234a9105,10,10,20,70,5,threshold
cal_thr-269,cal_thr,40268,fot-tep/fase03/soglie_normal/cal_thr/j/v1,9819443959ed41b727b8887c4a92a3a77eb95a74ba7437c95b0f254ac30472bb,2,2,20,30,5,threshold
cal_thr-270,cal_thr,40269,fot-tep/fase03/soglie_normal/cal_thr/j/v1,6943c4fdd25d85643618327dfca6a1e3596d3e93ff9be0d600f7ba5f467ac524,3,3,20,35,5,threshold
cal_thr-271,cal_thr,40270,fot-tep/fase03/soglie_normal/cal_thr/j/v1,888a187f395c3e503b9882e69ed680de2dacdef8a6ee814b790f761146c87d94,7,7,20,55,5,threshold
cal_thr-272,cal_thr,40271,fot-tep/fase03/soglie_normal/cal_thr/j/v1,c93669f3fb71d89ca8548e37db8f8fd5fee1a98c4341b264378c592c78441716,5,5,20,45,5,threshold
cal_thr-273,cal_thr,40272,fot-tep/fase03/soglie_normal/cal_thr/j/v1,4c8716ae5984480410e293314fefd02c8b285454f32686acce5d6e277109fc3c,5,5,20,45,5,threshold
cal_thr-274,cal_thr,40273,fot-tep/fase03/soglie_normal/cal_thr/j/v1,bf8f079717815e6d6793986bb5de571b694d0a9199372adce71c5a82ba73390d,8,8,20,60,5,threshold
cal_thr-275,cal_thr,40274,fot-tep/fase03/soglie_normal/cal_thr/j/v1,742408be03aa2857b824baffbbbe6eba414102870f6af393b36e5030c2e1871f,6,6,20,50,5,threshold
cal_thr-276,cal_thr,40275,fot-tep/fase03/soglie_normal/cal_thr/j/v1,c80ad58e92405fd3766d7c62f80c5bfa0d3bd7e8442f18c0edacf4919821f4ed,2,2,20,30,5,threshold
cal_thr-277,cal_thr,40276,fot-tep/fase03/soglie_normal/cal_thr/j/v1,7633212d2313b04816635cfb05f3ed69e714ba204d972ccb6432768d27112b08,5,5,20,45,5,threshold
cal_thr-278,cal_thr,40277,fot-tep/fase03/soglie_normal/cal_thr/j/v1,f56bb2b18b8d4c5910199d4272722ab86ba12b05d9838153b6e8098792ac69c7,8,8,20,60,5,threshold
cal_thr-279,cal_thr,40278,fot-tep/fase03/soglie_normal/cal_thr/j/v1,386bf2e751edb3c31927b4900a9053c52cf366d4b38888f81bdc6cf09dd5c9d9,4,4,20,40,5,threshold
cal_thr-280,cal_thr,40279,fot-tep/fase03/soglie_normal/cal_thr/j/v1,770c226e0511e2ca2483331834de2a375b58b250ef520a2e0c0a5e14f0f2b9fb,1,1,20,25,5,threshold
cal_thr-281,cal_thr,40280,fot-tep/fase03/soglie_normal/cal_thr/j/v1,b072b7d6620dde218da4ae7e95766c5df1f64d8ae18713d1ed39e218f97e3f0a,4,4,20,40,5,threshold
cal_thr-282,cal_thr,40281,fot-tep/fase03/soglie_normal/cal_thr/j/v1,4f994ce60c3b07c5b4e694376dd40a9b7b9fbaa903e0bc5e32728a7a68d05c5e,4,4,20,40,5,threshold
cal_thr-283,cal_thr,40282,fot-tep/fase03/soglie_normal/cal_thr/j/v1,186924d3088deaf4848251633ab05f24c4d36bd5d726b761ddf3284d4fc1f4ee,9,9,20,65,5,threshold
cal_thr-284,cal_thr,40283,fot-tep/fase03/soglie_normal/cal_thr/j/v1,833a2857197faf6fefa6b725a2e515f8ac90abe5e73f355f314ad3abc925dcbc,10,10,20,70,5,threshold
cal_thr-285,cal_thr,40284,fot-tep/fase03/soglie_normal/cal_thr/j/v1,10072bf87ddc548e50b1275e9fe40e245744bad59e4bcdc2e146892488b9e8fb,1,1,20,25,5,threshold
cal_thr-286,cal_thr,40285,fot-tep/fase03/soglie_normal/cal_thr/j/v1,bff2c656fde997e03e2a088dff2e85cc7e4d8173e8b109050be2268e2b00c562,9,9,20,65,5,threshold
cal_thr-287,cal_thr,40286,fot-tep/fase03/soglie_normal/cal_thr/j/v1,1765e4d498d4c74ddae7bd22a53c40d3ca2f4f20687ce93ca8c23a6ba702cd55,10,10,20,70,5,threshold
cal_thr-288,cal_thr,40287,fot-tep/fase03/soglie_normal/cal_thr/j/v1,f3ee3d9df672a6ed603d6f10c66458f798f45f29eba50861970d1b148e29a075,8,8,20,60,5,threshold
cal_thr-289,cal_thr,40288,fot-tep/fase03/soglie_normal/cal_thr/j/v1,b7bcd97d07fae9f8e3bb0ea1e7a02f27b0d06159b98aab8506f74b6154f5d648,7,7,20,55,5,threshold
cal_thr-290,cal_thr,40289,fot-tep/fase03/soglie_normal/cal_thr/j/v1,40930713c3795f62e0bb98efac5f7a2a8696375b14f8fa6250350d0e986c241f,7,7,20,55,5,threshold
cal_thr-291,cal_thr,40290,fot-tep/fase03/soglie_normal/cal_thr/j/v1,d24037bda6efcb4368a60636bfc333590981203c68440ce3a036c416cc74104d,4,4,20,40,5,threshold
cal_thr-292,cal_thr,40291,fot-tep/fase03/soglie_normal/cal_thr/j/v1,fcc4b87590bbb36a59e62264460ea48db0dbeb78ec6efe8c9503349533abc99f,1,1,20,25,5,threshold
cal_thr-293,cal_thr,40292,fot-tep/fase03/soglie_normal/cal_thr/j/v1,9fe9dc8c24362d8b9b6174ec11e3952fe267d8bf7f49f0bdf6e8b79f16bb97e6,2,2,20,30,5,threshold
cal_thr-294,cal_thr,40293,fot-tep/fase03/soglie_normal/cal_thr/j/v1,efa88e6c96e063a7ddd03bd9ebbc314270069f13bb724523ece0a0e8a1148ca0,8,8,20,60,5,threshold
cal_thr-295,cal_thr,40294,fot-tep/fase03/soglie_normal/cal_thr/j/v1,7cb156f2a20f75298047782d057258014bd9076e0cbcba51f44598b5d3a04dd7,10,10,20,70,5,threshold
cal_thr-296,cal_thr,40295,fot-tep/fase03/soglie_normal/cal_thr/j/v1,10810c77186bc45a1d3bf20f0d46133095413420f627eb69349e25c68c833433,9,9,20,65,5,threshold
cal_thr-297,cal_thr,40296,fot-tep/fase03/soglie_normal/cal_thr/j/v1,d24732f654be1f6a24de77c2c58bf95377d3c69523c855e9d6c3e06c0661e33d,9,9,20,65,5,threshold
cal_thr-298,cal_thr,40297,fot-tep/fase03/soglie_normal/cal_thr/j/v1,1cdfefee7fa10cbb83d8aad30a2ee563890dee366ec65a1d11edae4f84e6591d,6,6,20,50,5,threshold
cal_thr-299,cal_thr,40298,fot-tep/fase03/soglie_normal/cal_thr/j/v1,e7921e3edbfb0229ff28aa2fc8cfb3e1399bd84d3b307d2f100c7608b2c6d12c,8,8,20,60,5,threshold
cal_thr-300,cal_thr,40299,fot-tep/fase03/soglie_normal/cal_thr/j/v1,b0f94d27b341b7e275aeeb54dee88369ae7af2ac605ad1bb0663b55a578f433c,5,5,20,45,5,threshold
cal_thr-301,cal_thr,40300,fot-tep/fase03/soglie_normal/cal_thr/j/v1,0b005b11c052736123288c23dd20dc8a9eb0572244b52ba764073245bcbcdb1a,6,6,20,50,5,threshold
cal_thr-302,cal_thr,40301,fot-tep/fase03/soglie_normal/cal_thr/j/v1,cf82c3ae99067a99ee3e741f02a8add77949db013b3ae0dd4902b5d2afd59b2e,6,6,20,50,5,threshold
cal_thr-303,cal_thr,40302,fot-tep/fase03/soglie_normal/cal_thr/j/v1,13c3736ec45ff648bb3baa7682066708512f72198279fb74e21a6b00d43601d2,9,9,20,65,5,threshold
cal_thr-304,cal_thr,40303,fot-tep/fase03/soglie_normal/cal_thr/j/v1,b91508ef2a3eee2c2ffe3abe014c529593f4d8913fcb2b6f787fc153c43524ac,5,5,20,45,5,threshold
cal_thr-305,cal_thr,40304,fot-tep/fase03/soglie_normal/cal_thr/j/v1,91b7f8bed50583143c650c1ea12143b44f14aacd9328aa3adb3e01f690cbe759,1,1,20,25,5,threshold
cal_thr-306,cal_thr,40305,fot-tep/fase03/soglie_normal/cal_thr/j/v1,643d7cdb435387691c0da5a9dbe9ca59396a0a72312b250d1f0baf9aebe3f04a,10,10,20,70,5,threshold
cal_thr-307,cal_thr,40306,fot-tep/fase03/soglie_normal/cal_thr/j/v1,93cc6964e4743a4318c7cb174a82baf8fe89215ac4494547f79721b2a26452c4,6,6,20,50,5,threshold
cal_thr-308,cal_thr,40307,fot-tep/fase03/soglie_normal/cal_thr/j/v1,58a3f1f473285b199f65b77d97dd473d7c2a1cbdd82d1d6c77326adc3fad560f,8,8,20,60,5,threshold
cal_thr-309,cal_thr,40308,fot-tep/fase03/soglie_normal/cal_thr/j/v1,f78fcf06f836eb7eca120544b0ab3cea5562a4883fa7c9a621cdadc92aeeae3e,7,7,20,55,5,threshold
cal_thr-310,cal_thr,40309,fot-tep/fase03/soglie_normal/cal_thr/j/v1,699bbc6aaa3edea157e0c3fea1235ce555ea90109ba6805d55cfd3a997b41daa,10,10,20,70,5,threshold
cal_thr-311,cal_thr,40310,fot-tep/fase03/soglie_normal/cal_thr/j/v1,812b7fc77e9e1e078dba19c4ed9fac7ed7f8434c25789307283c740afcdf7faf,10,10,20,70,5,threshold
cal_thr-312,cal_thr,40311,fot-tep/fase03/soglie_normal/cal_thr/j/v1,77abad39f039793f6f3a3297d7b6b783d1fb72e8f9feed38915cd6927b26c21c,2,2,20,30,5,threshold
cal_thr-313,cal_thr,40312,fot-tep/fase03/soglie_normal/cal_thr/j/v1,e421605121fd72fc71b39e9c1d95477dd0dbc5a5edc575dbe5a967ff6bdfda40,1,1,20,25,5,threshold
cal_thr-314,cal_thr,40313,fot-tep/fase03/soglie_normal/cal_thr/j/v1,5a2183b0c201319e0c279823a5a1a0465de9c7b5dd84b826678befbba3a45659,3,3,20,35,5,threshold
cal_thr-315,cal_thr,40314,fot-tep/fase03/soglie_normal/cal_thr/j/v1,1fc2e88f5cfa0eb1bca087477d22643a06fbbd2bb7e3b74a566405afb5041058,4,4,20,40,5,threshold
cal_thr-316,cal_thr,40315,fot-tep/fase03/soglie_normal/cal_thr/j/v1,0005252a2db3236efc1fb154b730c9bfbc928a20ae866850a46751dfe201171a,9,9,20,65,5,threshold
cal_thr-317,cal_thr,40316,fot-tep/fase03/soglie_normal/cal_thr/j/v1,0c29d91b06357996aeb84c512c3d50cafe00bce435d86dd81cb1ed5093827a57,3,3,20,35,5,threshold
cal_thr-318,cal_thr,40317,fot-tep/fase03/soglie_normal/cal_thr/j/v1,a3616c05c877d6e54817772b9e5999986bc897d2d691661e1a8cc8a46984bb7f,6,6,20,50,5,threshold
cal_thr-319,cal_thr,40318,fot-tep/fase03/soglie_normal/cal_thr/j/v1,7fdd9a8d7eb16893e974e82c02ebee5142162d73fc2d1067ad3a73774c7d790f,8,8,20,60,5,threshold
cal_thr-320,cal_thr,40319,fot-tep/fase03/soglie_normal/cal_thr/j/v1,c881807a4c10eb78ca95a90fa7d42e15539f180d9fd5caa9b041fb34b7f784f0,7,7,20,55,5,threshold
cal_thr-321,cal_thr,40320,fot-tep/fase03/soglie_normal/cal_thr/j/v1,43d3e63795e37fb7a1271d91682e3fb08357b16a745ec1535ead63251c5fc52a,10,10,20,70,5,threshold
cal_thr-322,cal_thr,40321,fot-tep/fase03/soglie_normal/cal_thr/j/v1,a93bcf9bd0e66d2e4ad34dea5d172bfa2aeb9f2a1774e8a4e842c12c7af8c2bc,9,9,20,65,5,threshold
cal_thr-323,cal_thr,40322,fot-tep/fase03/soglie_normal/cal_thr/j/v1,903173ad5c38d7d3b94bc527fca005b40714c3300cd1fd3b7e46659c48018a66,6,6,20,50,5,threshold
cal_thr-324,cal_thr,40323,fot-tep/fase03/soglie_normal/cal_thr/j/v1,8a81db3e3ab630d3cc6fbf9e4a8d8779136f841da0504f2c574dcea327836352,8,8,20,60,5,threshold
cal_thr-325,cal_thr,40324,fot-tep/fase03/soglie_normal/cal_thr/j/v1,ff8f5aaf1ce67a8afc7e97fedb6cfeda2c9770214a7ea4258bff3ff06a701058,7,7,20,55,5,threshold
cal_thr-326,cal_thr,40325,fot-tep/fase03/soglie_normal/cal_thr/j/v1,f375ff262bb09c7c54d9ef97a9fc9157e7aea32c6525cf88c0a1fa101140a840,3,3,20,35,5,threshold
cal_thr-327,cal_thr,40326,fot-tep/fase03/soglie_normal/cal_thr/j/v1,f27e8cb3a3072e874a62193c37e3bf19c7184cf094ffc6fa6406c50a8fc03b42,4,4,20,40,5,threshold
cal_thr-328,cal_thr,40327,fot-tep/fase03/soglie_normal/cal_thr/j/v1,4c2f3c863c9deaa27918b1e18c0bb1bdb14024cd64030cafa9ccaa20769a7565,1,1,20,25,5,threshold
cal_thr-329,cal_thr,40328,fot-tep/fase03/soglie_normal/cal_thr/j/v1,7e0e12edfee54efb71f1b5405484ad42c5e6f04b15d973c707a2256d8b01f762,8,8,20,60,5,threshold
cal_thr-330,cal_thr,40329,fot-tep/fase03/soglie_normal/cal_thr/j/v1,91eb86149fce88f0959fafb9eaea54561657ac8e1150d00b125826a92b6c37fd,1,1,20,25,5,threshold
cal_thr-331,cal_thr,40330,fot-tep/fase03/soglie_normal/cal_thr/j/v1,b2c4c76e791e7dbdd3ea9480ed3a41777f10d2440ee133fcbc354cbbfe6f45fd,4,4,20,40,5,threshold
cal_thr-332,cal_thr,40331,fot-tep/fase03/soglie_normal/cal_thr/j/v1,8ab29f1170ba74e505020e3cf24d094a4a19523f3956898d97e9b815625e6aa5,6,6,20,50,5,threshold
cal_thr-333,cal_thr,40332,fot-tep/fase03/soglie_normal/cal_thr/j/v1,d97cae336fb4f2893dfc959988c353648c549b77b303efd6d23f373584db0ec6,2,2,20,30,5,threshold
cal_thr-334,cal_thr,40333,fot-tep/fase03/soglie_normal/cal_thr/j/v1,02e8d640cc1dc24e6c1747fad0286f619c4025c8d582e022193c10b69486b05d,3,3,20,35,5,threshold
cal_thr-335,cal_thr,40334,fot-tep/fase03/soglie_normal/cal_thr/j/v1,17b516b2f24783cef83c8d5969e6121bef484fd6804903386165433af50765a3,5,5,20,45,5,threshold
cal_thr-336,cal_thr,40335,fot-tep/fase03/soglie_normal/cal_thr/j/v1,3ce9340284c9199851c4fe9a8cc644e8f567a222d2c22ee03bb5b5200f26c4e5,3,3,20,35,5,threshold
cal_thr-337,cal_thr,40336,fot-tep/fase03/soglie_normal/cal_thr/j/v1,193b31e6a5ad919a1a862c5deada1255cde26547154150a0b70ba88a167452b1,1,1,20,25,5,threshold
cal_thr-338,cal_thr,40337,fot-tep/fase03/soglie_normal/cal_thr/j/v1,b67c0728f5f505464e48a0803858b2d5e4f406f0de21eefb7e5a741fac921768,9,9,20,65,5,threshold
cal_thr-339,cal_thr,40338,fot-tep/fase03/soglie_normal/cal_thr/j/v1,3c0a35d27c2ec1ce939c2517eba7b8f867f9fd36fc7d442b5840b006922b78da,3,3,20,35,5,threshold
cal_thr-340,cal_thr,40339,fot-tep/fase03/soglie_normal/cal_thr/j/v1,eb33c145bbca08ec07fbc38ae942efb4e33fa19742a9bd31565e35601b1c49b4,7,7,20,55,5,threshold
cal_thr-341,cal_thr,40340,fot-tep/fase03/soglie_normal/cal_thr/j/v1,ca318e2728b92a3313d64b7e8669025b0407bffe992e869b5bdbc50eca9e91b6,6,6,20,50,5,threshold
cal_thr-342,cal_thr,40341,fot-tep/fase03/soglie_normal/cal_thr/j/v1,6ec667fea02fe1adc0087470d143b87a34c21d21b34302e76fa140c0024a804b,6,6,20,50,5,threshold
cal_thr-343,cal_thr,40342,fot-tep/fase03/soglie_normal/cal_thr/j/v1,0b1dd39362b9adb6144f40b99f4b0a68804024eeb27e69330011b8efd1acefae,7,7,20,55,5,threshold
cal_thr-344,cal_thr,40343,fot-tep/fase03/soglie_normal/cal_thr/j/v1,de945573cb1cb5593382ba9aa726d2d0da3636ad38ace436f6701827380c3388,2,2,20,30,5,threshold
cal_thr-345,cal_thr,40344,fot-tep/fase03/soglie_normal/cal_thr/j/v1,cf5748a665ec90c1d013878e2f26a7bcde8850dcb6059c1ffe6209e629fb12a1,2,2,20,30,5,threshold
cal_thr-346,cal_thr,40345,fot-tep/fase03/soglie_normal/cal_thr/j/v1,7a0db5e8db2d443b5fac2de4c2dfaf17fe525fe168499254d02f6e1a591668a0,10,10,20,70,5,threshold
cal_thr-347,cal_thr,40346,fot-tep/fase03/soglie_normal/cal_thr/j/v1,1baa93004a19ba38798a544780e674581ab24242a749f8f33c01bfea3c13a1f1,1,1,20,25,5,threshold
cal_thr-348,cal_thr,40347,fot-tep/fase03/soglie_normal/cal_thr/j/v1,21ae19a7684b8f751d9ef0d56721223f31bc7b1199a4b71a51d310733236ca42,4,4,20,40,5,threshold
cal_thr-349,cal_thr,40348,fot-tep/fase03/soglie_normal/cal_thr/j/v1,9985f37c7d5aeb501603da832dfa06b3a5cc10616ba7705d3e6c2d433c932d00,9,9,20,65,5,threshold
cal_thr-350,cal_thr,40349,fot-tep/fase03/soglie_normal/cal_thr/j/v1,242cbd7fdee4cdde823e699b30f0257399f336fc2e96917904aa7bd2e688de80,9,9,20,65,5,threshold
