fault,metric,variable,batches_in_top5
1,abs_shift_sigma,XMEAS-1,5
1,abs_shift_sigma,XMEAS-4,5
1,abs_shift_sigma,XMEAS-18,5
1,abs_shift_sigma,XMEAS-20,5
1,abs_shift_sigma,XMEAS-38,5
1,abs_slope_sigma_h,XMEAS-20,5
1,abs_slope_sigma_h,XMEAS-18,5
1,abs_slope_sigma_h,XMEAS-34,5
1,abs_slope_sigma_h,XMEAS-11,5
1,abs_slope_sigma_h,XMEAS-22,5
1,raw_std_ratio,XMEAS-1,5
1,raw_std_ratio,XMEAS-20,5
1,raw_std_ratio,XMEAS-18,5
1,raw_std_ratio,XMEAS-11,5
1,raw_std_ratio,XMEAS-31,5
1,diff_std_ratio,XMEAS-1,5
1,diff_std_ratio,XMEAS-10,5
1,diff_std_ratio,XMEAS-31,3
1,diff_std_ratio,XMEAS-23,2
1,diff_std_ratio,XMEAS-41,2
1,diff_std_ratio,XMEAS-28,2
1,diff_std_ratio,XMEAS-38,1
1,diff_std_ratio,XMEAS-30,1
1,diff_std_ratio,XMEAS-35,1
1,diff_std_ratio,XMEAS-18,1
1,diff_std_ratio,XMEAS-37,1
1,diff_std_ratio,XMEAS-24,1
1,residual_std_ratio,XMEAS-1,5
1,residual_std_ratio,XMEAS-20,5
1,residual_std_ratio,XMEAS-18,5
1,residual_std_ratio,XMEAS-11,5
1,residual_std_ratio,XMEAS-31,5
8,abs_shift_sigma,XMEAS-1,4
8,abs_shift_sigma,XMEAS-34,4
8,abs_shift_sigma,XMEAS-30,4
8,abs_shift_sigma,XMEAS-18,3
8,abs_shift_sigma,XMEAS-28,3
8,abs_shift_sigma,XMEAS-13,2
8,abs_shift_sigma,XMEAS-7,2
8,abs_shift_sigma,XMEAS-16,1
8,abs_shift_sigma,XMEAS-20,1
8,abs_shift_sigma,XMEAS-24,1
8,abs_slope_sigma_h,XMEAS-20,4
8,abs_slope_sigma_h,XMEAS-18,3
8,abs_slope_sigma_h,XMEAS-1,3
8,abs_slope_sigma_h,XMEAS-11,2
8,abs_slope_sigma_h,XMEAS-22,2
8,abs_slope_sigma_h,XMEAS-34,2
8,abs_slope_sigma_h,XMEAS-28,2
8,abs_slope_sigma_h,XMEAS-7,2
8,abs_slope_sigma_h,XMEAS-16,2
8,abs_slope_sigma_h,XMEAS-13,2
8,abs_slope_sigma_h,XMEAS-4,1
8,raw_std_ratio,XMEAS-1,5
8,raw_std_ratio,XMEAS-20,5
8,raw_std_ratio,XMEAS-11,5
8,raw_std_ratio,XMEAS-18,4
8,raw_std_ratio,XMEAS-31,4
8,raw_std_ratio,XMEAS-7,1
8,raw_std_ratio,XMEAS-16,1
8,diff_std_ratio,XMEAS-10,5
8,diff_std_ratio,XMEAS-1,5
8,diff_std_ratio,XMEAS-31,5
8,diff_std_ratio,XMEAS-29,5
8,diff_std_ratio,XMEAS-18,2
8,diff_std_ratio,XMEAS-25,1
8,diff_std_ratio,XMEAS-16,1
8,diff_std_ratio,XMEAS-23,1
8,residual_std_ratio,XMEAS-1,5
8,residual_std_ratio,XMEAS-20,5
8,residual_std_ratio,XMEAS-18,5
8,residual_std_ratio,XMEAS-11,5
8,residual_std_ratio,XMEAS-31,4
8,residual_std_ratio,XMEAS-7,1
10,abs_shift_sigma,XMEAS-18,5
10,abs_shift_sigma,XMEAS-34,4
10,abs_shift_sigma,XMEAS-28,3
10,abs_shift_sigma,XMEAS-21,2
10,abs_shift_sigma,XMEAS-30,2
10,abs_shift_sigma,XMEAS-2,1
10,abs_shift_sigma,XMEAS-24,1
10,abs_shift_sigma,XMEAS-3,1
10,abs_shift_sigma,XMEAS-20,1
10,abs_shift_sigma,XMEAS-11,1
10,abs_shift_sigma,XMEAS-38,1
10,abs_shift_sigma,XMEAS-33,1
10,abs_shift_sigma,XMEAS-29,1
10,abs_shift_sigma,XMEAS-31,1
10,abs_slope_sigma_h,XMEAS-18,5
10,abs_slope_sigma_h,XMEAS-21,3
10,abs_slope_sigma_h,XMEAS-34,3
10,abs_slope_sigma_h,XMEAS-11,2
10,abs_slope_sigma_h,XMEAS-20,2
10,abs_slope_sigma_h,XMEAS-1,2
10,abs_slope_sigma_h,XMEAS-38,2
10,abs_slope_sigma_h,XMEAS-22,1
10,abs_slope_sigma_h,XMEAS-33,1
10,abs_slope_sigma_h,XMEAS-35,1
10,abs_slope_sigma_h,XMEAS-3,1
10,abs_slope_sigma_h,XMEAS-30,1
10,abs_slope_sigma_h,XMEAS-31,1
10,raw_std_ratio,XMEAS-18,5
10,raw_std_ratio,XMEAS-38,5
10,raw_std_ratio,XMEAS-11,5
10,raw_std_ratio,XMEAS-21,5
10,raw_std_ratio,XMEAS-15,4
10,raw_std_ratio,XMEAS-10,1
10,diff_std_ratio,XMEAS-18,5
10,diff_std_ratio,XMEAS-40,3
10,diff_std_ratio,XMEAS-38,3
10,diff_std_ratio,XMEAS-24,3
10,diff_std_ratio,XMEAS-41,2
10,diff_std_ratio,XMEAS-39,2
10,diff_std_ratio,XMEAS-23,1
10,diff_std_ratio,XMEAS-31,1
10,diff_std_ratio,XMEAS-28,1
10,diff_std_ratio,XMEAS-12,1
10,diff_std_ratio,XMEAS-4,1
10,diff_std_ratio,XMEAS-3,1
10,diff_std_ratio,XMEAS-29,1
10,residual_std_ratio,XMEAS-18,5
10,residual_std_ratio,XMEAS-38,5
10,residual_std_ratio,XMEAS-11,5
10,residual_std_ratio,XMEAS-21,5
10,residual_std_ratio,XMEAS-15,4
10,residual_std_ratio,XMEAS-10,1
13,abs_shift_sigma,XMEAS-7,5
13,abs_shift_sigma,XMEAS-16,5
13,abs_shift_sigma,XMEAS-13,5
13,abs_shift_sigma,XMEAS-30,5
13,abs_shift_sigma,XMEAS-20,4
13,abs_shift_sigma,XMEAS-24,1
13,abs_slope_sigma_h,XMEAS-34,3
13,abs_slope_sigma_h,XMEAS-28,3
13,abs_slope_sigma_h,XMEAS-30,3
13,abs_slope_sigma_h,XMEAS-7,3
13,abs_slope_sigma_h,XMEAS-13,3
13,abs_slope_sigma_h,XMEAS-16,2
13,abs_slope_sigma_h,XMEAS-20,2
13,abs_slope_sigma_h,XMEAS-21,1
13,abs_slope_sigma_h,XMEAS-24,1
13,abs_slope_sigma_h,XMEAS-10,1
13,abs_slope_sigma_h,XMEAS-18,1
13,abs_slope_sigma_h,XMEAS-29,1
13,abs_slope_sigma_h,XMEAS-11,1
13,raw_std_ratio,XMEAS-7,5
13,raw_std_ratio,XMEAS-16,5
13,raw_std_ratio,XMEAS-13,5
13,raw_std_ratio,XMEAS-10,5
13,raw_std_ratio,XMEAS-21,3
13,raw_std_ratio,XMEAS-18,1
13,raw_std_ratio,XMEAS-34,1
13,diff_std_ratio,XMEAS-10,5
13,diff_std_ratio,XMEAS-16,5
13,diff_std_ratio,XMEAS-7,5
13,diff_std_ratio,XMEAS-13,5
13,diff_std_ratio,XMEAS-18,3
13,diff_std_ratio,XMEAS-34,2
13,residual_std_ratio,XMEAS-7,5
13,residual_std_ratio,XMEAS-16,5
13,residual_std_ratio,XMEAS-13,5
13,residual_std_ratio,XMEAS-10,5
13,residual_std_ratio,XMEAS-21,3
13,residual_std_ratio,XMEAS-18,1
13,residual_std_ratio,XMEAS-34,1
