path,bytes,sha256
studio2/fase03/fault_runs/runs/fault_dev_001/cache/MultiLoop_mode1.slxc,5332,5d9cfd97204d24588fc7a9855f7311ff66ab37bdf0e22ff60fd78b2978111c6b
studio2/fase03/fault_runs/runs/fault_dev_001/cache/slprj/_jitprj/jitEngineAccessInfo.mat,747,b6cd9408ea784b9dd16708376285287845364562dd4cb3a19fde8b1cf34ebb48
studio2/fase03/fault_runs/runs/fault_dev_001/cache/slprj/_jitprj/sGKBKGF7OnrKZaxlJbtDup.l,8632,d97fd4cdd7cff02bc0b8d01944d6636bfcfe3c0bf53d7b7ff308bfe78ed17f64
studio2/fase03/fault_runs/runs/fault_dev_001/cache/slprj/_jitprj/sGKBKGF7OnrKZaxlJbtDup.mat,1256,ea1d08bc62e52c9a09b65d9b530087694a1ecc9e8bfdb69eda510f23a25d04e9
studio2/fase03/fault_runs/runs/fault_dev_001/cache/slprj/_sfprj/EMLReport/emlReportAccessInfo.mat,748,8b23cf9d326196d4f3f657b1e30e3517a53903779c975f0be370510ac9a1534b
studio2/fase03/fault_runs/runs/fault_dev_001/cache/slprj/_sfprj/EMLReport/sGKBKGF7OnrKZaxlJbtDup.mat,2199,a2afacf17d1f50eb27215b4f047aafad2055dbea266ac158dcc766f4f5b9961c
studio2/fase03/fault_runs/runs/fault_dev_001/cache/slprj/_sfprj/MultiLoop_mode1/_self/sfun/info/binfo.mat,764,f7bd4d891f73f04d4823a0c8f087750f3f0536a3c8628adaffa3341d6fc6e5c7
studio2/fase03/fault_runs/runs/fault_dev_001/cache/slprj/_sfprj/MultiLoop_mode1/amsi_serial.mat,235,5321827eace1c6171f1ef791aaecd37709bc1a7169651edc74ebdf282257c02c
studio2/fase03/fault_runs/runs/fault_dev_001/cache/slprj/sim/varcache/MultiLoop_mode1/checksumOfCache.mat,392,9683b10df52b9d0685547eb1382fb0af7b2e54588908e48c315df17e912124db
studio2/fase03/fault_runs/runs/fault_dev_001/cache/slprj/sim/varcache/MultiLoop_mode1/tmwinternal/simulink_cache.xml,371,7ad51fbca911e982fe8d5fc4b97e535c161b92dc6b4d9bc19eece55b46bbdc0a
studio2/fase03/fault_runs/runs/fault_dev_001/cache/slprj/sim/varcache/MultiLoop_mode1/varInfo.mat,7672,d05a36c71f7111debb11fde673e701e7592571040d8a2fe88fe54cf1c0f4de9d
studio2/fase03/fault_runs/runs/fault_dev_001/events.jsonl,11589,535c79aeab25b971db9231ca25c6ab4ff3688ed74dd18f55c932eb003f7b6617
studio2/fase03/fault_runs/runs/fault_dev_001/fault-dev-F1-b01.attempt.json,4133,7ebe84dfc8f38ec3caff58216ba43e26c5a62e0cb723954a4479bba3ced5456c
studio2/fase03/fault_runs/runs/fault_dev_001/fault-dev-F1-b01.csv,3817751,acb4c4ec62c267f089c7fab2799e18d26cf39f657b78dbef28246ff347f5c62c
studio2/fase03/fault_runs/runs/fault_dev_001/fault-dev-F1-b01.diagnostics.csv,558098,a05e6f0e024b91f5fe50864dab1ac8bd41cb7978164ca596384d42cb4309709e
studio2/fase03/fault_runs/runs/fault_dev_001/fault-dev-F1-b01.manifest.json,7057,482faadd368c65f800643b8a60e09c3604b450e0bceec83d2b1ad6d9cb0069ac
studio2/fase03/fault_runs/runs/fault_dev_001/fault-dev-F1-b01.simulation.log,550729,6fd3abebc49675f51ef209f1d0cc22f0b9c01dff9769c9413c809e09589b6a91
studio2/fase03/fault_runs/runs/fault_dev_001/fault-dev-F1-b02.attempt.json,4141,e22219fa50d157728d14b12a2f0c30b74ecbbda51115631e10c41e6a34e9a54f
studio2/fase03/fault_runs/runs/fault_dev_001/fault-dev-F1-b02.csv,3817681,ac5a0442fdb01ea87144128f59de6775ffd34a325695cd4ab9b53e43f23a7031
studio2/fase03/fault_runs/runs/fault_dev_001/fault-dev-F1-b02.diagnostics.csv,558005,f9da4177fbc38add0cc95f3f0dd38d4be2b1290c932fa9193c89d6a35acee522
studio2/fase03/fault_runs/runs/fault_dev_001/fault-dev-F1-b02.manifest.json,7074,7924971ca8b323b6e9372e7d0faa0b044150e4df915a5eb88120c7e8f0e539d1
studio2/fase03/fault_runs/runs/fault_dev_001/fault-dev-F1-b02.simulation.log,550765,e477adad318beb22698c357ef782dfe8b30f85d564073d6c5b37414ca2121bd7
studio2/fase03/fault_runs/runs/fault_dev_001/fault-dev-F1-b03.attempt.json,4133,f430f25508954fe42eae105ab3f400420b9e9d5c793e496170949ab6aa1baf44
studio2/fase03/fault_runs/runs/fault_dev_001/fault-dev-F1-b03.csv,3817624,0c0e66c76dc50c3f113f99337f0c5277b71080d3dd5fb84133d2d7990a9f079b
studio2/fase03/fault_runs/runs/fault_dev_001/fault-dev-F1-b03.diagnostics.csv,557989,7b5ae106f6e9da7dfe436cbff942d23f55cf87a1f15e1943b396efc66337d5bf
studio2/fase03/fault_runs/runs/fault_dev_001/fault-dev-F1-b03.manifest.json,7067,65caf3c98c98594e283a0d33e8738a89f325d681359508f742cd4a07da93c0f8
studio2/fase03/fault_runs/runs/fault_dev_001/fault-dev-F1-b03.simulation.log,550708,1d394db0859ba936ccc0ac9762e4750b790dd52922719f6c6bf96167b0add016
studio2/fase03/fault_runs/runs/fault_dev_001/fault-dev-F1-b04.attempt.json,4140,d24f7e8e506cece5f67e6c168ac883914ad082192b7952f4a7be2c839baff4a9
studio2/fase03/fault_runs/runs/fault_dev_001/fault-dev-F1-b04.csv,3818055,00fbe4f89f99de338cb8ca6b41461ce463e8ee9739b72de601b0f827b1679c12
studio2/fase03/fault_runs/runs/fault_dev_001/fault-dev-F1-b04.diagnostics.csv,557968,1a7c2550925c50d9fe321e5dd859cf8ce149c1308be1fada524a048e5b8f16d4
studio2/fase03/fault_runs/runs/fault_dev_001/fault-dev-F1-b04.manifest.json,7072,a8714b010267bf63f21c56390e8087506edc0e80fb069c63dcbfc8ace4f238a4
studio2/fase03/fault_runs/runs/fault_dev_001/fault-dev-F1-b04.simulation.log,550721,9da2a2cd0f52ce9da76d7f2eeebafa2c99732e79922c1124fb32834446bfdc9e
studio2/fase03/fault_runs/runs/fault_dev_001/fault-dev-F1-b05.attempt.json,4141,12c07bfd4e177ae6889f9ed4bd0fcfbfc29f891a2ac30dddd739c306e655e654
studio2/fase03/fault_runs/runs/fault_dev_001/fault-dev-F1-b05.csv,3817807,d8681747d19f9e4cf4c1d884fae2b5dca889c0a967d5d0bfc84268e16afba7bd
studio2/fase03/fault_runs/runs/fault_dev_001/fault-dev-F1-b05.diagnostics.csv,557985,6fca770b666fb1e25c1e9453e7ffc12c98bbfe0ad816944607f120380f796b3d
studio2/fase03/fault_runs/runs/fault_dev_001/fault-dev-F1-b05.manifest.json,7064,60e310f009275173417b409470d80d03c7a8360243d1e7df19119ba6724aad6f
studio2/fase03/fault_runs/runs/fault_dev_001/fault-dev-F1-b05.simulation.log,550757,18e425b760f2f48effc702ffd365af3872db8d02e12be7718ede3de49efa3856
studio2/fase03/fault_runs/runs/fault_dev_001/fault-dev-F10-b01.attempt.json,4136,3b6ce4ca75909cc040dfff3596ca69a0e385b7301c1d195f488b28c4afddda33
studio2/fase03/fault_runs/runs/fault_dev_001/fault-dev-F10-b01.csv,3819381,8ef63167e0cc4bfda149c2cc556e34c03b3287dfaebe2865a3ad9dbffd7b5b84
studio2/fase03/fault_runs/runs/fault_dev_001/fault-dev-F10-b01.diagnostics.csv,563093,ede52d41ded402b83df8070ed89ffa3018b77eb1c6ff37b5b528e8b6d5b09521
studio2/fase03/fault_runs/runs/fault_dev_001/fault-dev-F10-b01.manifest.json,7071,4718a6ab540fec13a40e92d9fdf1d6157c7fd6d1d243c0da521e637e9cbe2c68
studio2/fase03/fault_runs/runs/fault_dev_001/fault-dev-F10-b01.simulation.log,559784,14d910319e86144b5399f65bf54145445687dba46c9b436c86d65fa4fa71e16b
studio2/fase03/fault_runs/runs/fault_dev_001/fault-dev-F10-b02.attempt.json,4143,6af1aeb9a9b323dfbe878b98db15b4ee04448c5aef8b1384fe5df5f35db6f2cf
studio2/fase03/fault_runs/runs/fault_dev_001/fault-dev-F10-b02.csv,3819392,3752a5718608e97889d58688306c8fc23b404b2a83d830831ba1155a93a391d9
studio2/fase03/fault_runs/runs/fault_dev_001/fault-dev-F10-b02.diagnostics.csv,562872,61d9e193dfb1c60aa5792dae1b2fdcdc0eda6c6531e939435010dabba9b4a5cd
studio2/fase03/fault_runs/runs/fault_dev_001/fault-dev-F10-b02.manifest.json,7078,492e3bcec1d678f144e3335140264ac6023b3ac2fda10de12039144fa43bd0bd
studio2/fase03/fault_runs/runs/fault_dev_001/fault-dev-F10-b02.simulation.log,559595,cc305a6bf3f0980a237126ec1ffcfdb38a3811dfa374a65aee4967887c926b8e
studio2/fase03/fault_runs/runs/fault_dev_001/fault-dev-F10-b03.attempt.json,4143,a950b78c04f4519ea7d380deaec17d47d5d95a1b6e56d32450bceb0b9b437844
studio2/fase03/fault_runs/runs/fault_dev_001/fault-dev-F10-b03.csv,3819410,a21fb460a6798c402953a1b0abb192249eec8653a5ad69496e90bf8c9f57603c
studio2/fase03/fault_runs/runs/fault_dev_001/fault-dev-F10-b03.diagnostics.csv,562992,39cf24ad80d1a798c9be225d820bc76cd662c28bc046419cc1add5554c03de7b
studio2/fase03/fault_runs/runs/fault_dev_001/fault-dev-F10-b03.manifest.json,7067,54ab60fe2147ac1cc1a37f1ab5c273a218c2abda30a7c9cf65fe71841b2bb226
studio2/fase03/fault_runs/runs/fault_dev_001/fault-dev-F10-b03.simulation.log,559685,3e11c3f3b78f6d9b048837251ee6e84c0dbdb95d7f32a650fb1e5f40285f2a8e
studio2/fase03/fault_runs/runs/fault_dev_001/fault-dev-F10-b04.attempt.json,4135,28d12457a5e3061a1893ed5a909f38bf9f6066e125990d1bc3c42d3a8b2e4ea2
studio2/fase03/fault_runs/runs/fault_dev_001/fault-dev-F10-b04.csv,3818960,ee2206d691d310058ac08319db1041d7c7a370a1cfd321f9a1e993f157d16c86
studio2/fase03/fault_runs/runs/fault_dev_001/fault-dev-F10-b04.diagnostics.csv,562684,ec85da80276223b1acedd7459da3ffd949f8441055401b37d014149bed223407
studio2/fase03/fault_runs/runs/fault_dev_001/fault-dev-F10-b04.manifest.json,7072,a99a431ce2422e27f49755b58ee443aa984413f2844db54832bddd03492dacef
studio2/fase03/fault_runs/runs/fault_dev_001/fault-dev-F10-b04.simulation.log,559216,d6aef6fb56ec37edbd77b48e2d80c5f08c4adda3741e9fad659c9ad85536713d
studio2/fase03/fault_runs/runs/fault_dev_001/fault-dev-F10-b05.attempt.json,4136,a427904bf78be777286daeef64af9aaba550c44333b03a31f013c01034a5eef8
studio2/fase03/fault_runs/runs/fault_dev_001/fault-dev-F10-b05.csv,3819837,d94cb25acaf44a91a88b3b01f7ac9324d73b591d3d07cc902f361c677b86a0b0
studio2/fase03/fault_runs/runs/fault_dev_001/fault-dev-F10-b05.diagnostics.csv,562433,88769aa13309a85e8522841f1dde24045b930a724151b8aea9d04aa2c005cf87
studio2/fase03/fault_runs/runs/fault_dev_001/fault-dev-F10-b05.manifest.json,7072,8272db5eac6e23f5b5ec7c9622c3c2024c052ba20510eb658dbfcff993732199
studio2/fase03/fault_runs/runs/fault_dev_001/fault-dev-F10-b05.simulation.log,559049,42a73b95cfb830584b19f41f8274029663819b38d3cfb33cb29763de051f9289
studio2/fase03/fault_runs/runs/fault_dev_001/fault-dev-F13-b01.attempt.json,4143,24da94010230a822fa0872db52d6aac769acbc2671683f91d28cbd104c5d13ce
studio2/fase03/fault_runs/runs/fault_dev_001/fault-dev-F13-b01.csv,3819331,e5a6b51b069b15337baf471214748113abcc837bd8b565c892cb535c802fc631
studio2/fase03/fault_runs/runs/fault_dev_001/fault-dev-F13-b01.diagnostics.csv,602726,860d2ffcc02502573def04efe922d9e949f8dd49af9c5619a1f63df661fdf2d1
studio2/fase03/fault_runs/runs/fault_dev_001/fault-dev-F13-b01.manifest.json,7079,7133e6f998905493199a48390c2fee4c3ebe67142933b4172fe4381b1315bdba
studio2/fase03/fault_runs/runs/fault_dev_001/fault-dev-F13-b01.simulation.log,604668,5b15e14ec8d27db094ef35cb3f3c1f1d0a861e8225213d49b9a5a4a2bf703440
studio2/fase03/fault_runs/runs/fault_dev_001/fault-dev-F13-b02.attempt.json,4135,42890ee3bfbc4b77b03615fbe30e20e743ece3f88f934f8f1d451e03917a4636
studio2/fase03/fault_runs/runs/fault_dev_001/fault-dev-F13-b02.csv,3819568,3354764c401d3d80f1596ee6cc3f0a2d1a0c8f5e9b43b420a694b3d3f4ddc6e4
studio2/fase03/fault_runs/runs/fault_dev_001/fault-dev-F13-b02.diagnostics.csv,603472,0496ad07407b411cde37eb1d0c26f341d1169c3f07ca688b31dc71f3bfdc0507
studio2/fase03/fault_runs/runs/fault_dev_001/fault-dev-F13-b02.manifest.json,7072,56ed679c6cd181b5dae487c896b5d6298e0b25e41db2079b1fdfccadc625d73c
studio2/fase03/fault_runs/runs/fault_dev_001/fault-dev-F13-b02.simulation.log,606170,201af370e2b78706977105db013ce0bed0e0ed0931781dc21548b4c78bbe0410
studio2/fase03/fault_runs/runs/fault_dev_001/fault-dev-F13-b03.attempt.json,4143,b6fbcd4697bfaf19babe24ff72b747b86e2361f69b3d39c1cf9b8e15942905bb
studio2/fase03/fault_runs/runs/fault_dev_001/fault-dev-F13-b03.csv,3817467,19094de862cf2e01761b7e56aedbfb4d422c4c9939ab100902eaab76a2c3b03b
studio2/fase03/fault_runs/runs/fault_dev_001/fault-dev-F13-b03.diagnostics.csv,602151,d17705b968d48e43aff13fc896f27b63812b7d24034a738c1e1dc90f0702dada
studio2/fase03/fault_runs/runs/fault_dev_001/fault-dev-F13-b03.manifest.json,7068,b1384bb41cfc25d11457a3d0c11dff0ebbf68de5fdbd04ab096271c92665a950
studio2/fase03/fault_runs/runs/fault_dev_001/fault-dev-F13-b03.simulation.log,604771,ce03a3f159f073efeef7270840d0f48af1ad6c64b66c2e773636eee8625478ec
studio2/fase03/fault_runs/runs/fault_dev_001/fault-dev-F13-b04.attempt.json,4143,ecd55ba4a1922df672e34dc1e93e3f10943df2f7c12a933fef6c185a7ff23498
studio2/fase03/fault_runs/runs/fault_dev_001/fault-dev-F13-b04.csv,3817446,ce3aed31fd643645716221dbc2b6fee0edc8264f7b6b933d3841cfe06273416a
studio2/fase03/fault_runs/runs/fault_dev_001/fault-dev-F13-b04.diagnostics.csv,603185,94bc9513013d9aa59f349873e7a2c1b11b50bd03013f0563b5e535e6b3b46f27
studio2/fase03/fault_runs/runs/fault_dev_001/fault-dev-F13-b04.manifest.json,7079,4dbee15fbe9a9d2b1ffbbc9f757d7fe52afd36659a7860500effa7c0e1a19e15
studio2/fase03/fault_runs/runs/fault_dev_001/fault-dev-F13-b04.simulation.log,605586,9ec880611dd5525388ef4a53b401054f45067c963ce9bd244d51b2a8967608b1
studio2/fase03/fault_runs/runs/fault_dev_001/fault-dev-F13-b05.attempt.json,4143,efa7aedddd4a92bba235bce8e0ef615399647d8e92a638e064713646e654f710
studio2/fase03/fault_runs/runs/fault_dev_001/fault-dev-F13-b05.csv,3817473,7066db0584350acd3a88e7ffa69e8d5be134e2fece9f36801cab9f8d3e454920
studio2/fase03/fault_runs/runs/fault_dev_001/fault-dev-F13-b05.diagnostics.csv,604394,17dc932817c765a9dc5f9444b667b68ae269bcf76223223592b4cea3469c7cfd
studio2/fase03/fault_runs/runs/fault_dev_001/fault-dev-F13-b05.manifest.json,7078,66acdc6dc24365a8f7bf4b88509424d55ca5c30167e20bee79af51a3137f7515
studio2/fase03/fault_runs/runs/fault_dev_001/fault-dev-F13-b05.simulation.log,606712,ca5d3587c43dbf6225ceb770ebbec1f9366d863883148599c49ede68f97e215e
studio2/fase03/fault_runs/runs/fault_dev_001/fault-dev-F14-b01.attempt.json,4134,c1e04b2765c8fd69482d869b0908c97f75038db7a9d8fd28125a30c6b1061a08
studio2/fase03/fault_runs/runs/fault_dev_001/fault-dev-F14-b01.csv,3820039,03add9956ccd3609707d3216eb1c9f8c1289cac213a9a7f52651e1127e533442
studio2/fase03/fault_runs/runs/fault_dev_001/fault-dev-F14-b01.diagnostics.csv,534044,d4fa4d4a643e330b8af9a5867933d7fd72f76d7785fa4d2fa0b858685596fcc7
studio2/fase03/fault_runs/runs/fault_dev_001/fault-dev-F14-b01.manifest.json,7071,16d86dfbec69ea5c2cdbc22655c6b03b9cba5005aa4972836ba74d9cf92114f5
studio2/fase03/fault_runs/runs/fault_dev_001/fault-dev-F14-b01.simulation.log,524348,87624aaed2ad2b4cdb29187761554fc2a1e81a29f2c8ee8aa77df9f4476a92a9
studio2/fase03/fault_runs/runs/fault_dev_001/fault-dev-F14-b02.attempt.json,4143,3fd3bc993e2c2a2ab023d312ba6754f23228b77d095c3fd5fb759ab5de8cd593
studio2/fase03/fault_runs/runs/fault_dev_001/fault-dev-F14-b02.csv,3819963,946f7986f8e1f3e6f90c016a0f5b1d2ab8147fbc1f6da415c7f4120c95271001
studio2/fase03/fault_runs/runs/fault_dev_001/fault-dev-F14-b02.diagnostics.csv,533899,a0bff6f0ac59173755ad41bd72d6eceddac2c1dc366f85b6447b9f1fb352db01
studio2/fase03/fault_runs/runs/fault_dev_001/fault-dev-F14-b02.manifest.json,7068,862fa944451aad4ed247e974bad25a4988108092a4e0e34d18ec52f18dd8c65b
studio2/fase03/fault_runs/runs/fault_dev_001/fault-dev-F14-b02.simulation.log,524243,95735fe5d68a4a3e048e7021059bf8614891592b401dfef5148d97590eddab6b
studio2/fase03/fault_runs/runs/fault_dev_001/fault-dev-F14-b03.attempt.json,4136,1248cfc0a3ecc2957353ea20d6b97e4e05c45db4b6f2fed683fa5c5a3da665bf
studio2/fase03/fault_runs/runs/fault_dev_001/fault-dev-F14-b03.csv,3819048,91565d0056adb6856910c859cbb76d76612b0d53490109d235db5c899ef95a0f
studio2/fase03/fault_runs/runs/fault_dev_001/fault-dev-F14-b03.diagnostics.csv,534010,a8f69caef4258ee51a210456913b6f5804f3be4c4ae49083c7a53d26f14faa33
studio2/fase03/fault_runs/runs/fault_dev_001/fault-dev-F14-b03.manifest.json,7072,2616f3bb1524c27df828c18f591e96e556b5978c51dadfca216c664e26226b43
studio2/fase03/fault_runs/runs/fault_dev_001/fault-dev-F14-b03.simulation.log,524361,1b6f6bae315a55b0c1152658a7b7ae74bd25d978f777d77c406ec44ce0a2f10d
studio2/fase03/fault_runs/runs/fault_dev_001/fault-dev-F14-b04.attempt.json,4143,641dd0eccc9686ca3c58289f3abd8460d4ca87db77b36cdce9b42b2206454310
studio2/fase03/fault_runs/runs/fault_dev_001/fault-dev-F14-b04.csv,3819360,5fdb0430085f16fe1b770738f4d361926342c6553a755bbcc88779c6d7f6abf2
studio2/fase03/fault_runs/runs/fault_dev_001/fault-dev-F14-b04.diagnostics.csv,534112,6c87ddac2bad18a155f1530d5156e4a4773de3da55d0b9426c8f4ce9ca7f87f9
studio2/fase03/fault_runs/runs/fault_dev_001/fault-dev-F14-b04.manifest.json,7080,d0ccb83fee4b7d1afce0001046cee66a75f0157222a26aa7a2cbfc94544c8f27
studio2/fase03/fault_runs/runs/fault_dev_001/fault-dev-F14-b04.simulation.log,524379,7b71b8c6da6eebfe596c97fb70bacd27eb30dc9020bf8f2626b4182a948e9273
studio2/fase03/fault_runs/runs/fault_dev_001/fault-dev-F14-b05.attempt.json,4134,a0ab1a2145f1c4b5f0c1522abd1bd58cdb5ead51d9298be933644be5a698225b
studio2/fase03/fault_runs/runs/fault_dev_001/fault-dev-F14-b05.csv,3819432,0052aeaf1934ad76edc3918a13ef41e24da829f2e9daea91fb8f5351eb4b969d
studio2/fase03/fault_runs/runs/fault_dev_001/fault-dev-F14-b05.diagnostics.csv,533983,a49905fc418484a1cf7816415cc7f0045c1a3f70cf6b46a2d7aa09e26d58deb8
studio2/fase03/fault_runs/runs/fault_dev_001/fault-dev-F14-b05.manifest.json,7071,97f6b2f28fe114f81293aaa5f0bd1edde28d167c6af13143c216cdd949e1b60b
studio2/fase03/fault_runs/runs/fault_dev_001/fault-dev-F14-b05.simulation.log,524290,84c6a00214247a1fef36a09fb2f6a1a38a42328d7274e2a74bf436e3779fdc50
studio2/fase03/fault_runs/runs/fault_dev_001/fault-dev-F15-b01.attempt.json,4133,174af8cd1fc7efd020d2ca57d82e88f388f3b6b73c1602183dd1a493f25ee80a
studio2/fase03/fault_runs/runs/fault_dev_001/fault-dev-F15-b01.csv,3819022,ae0dd28000559774ef0e504f27af49cf5d83c4e00db60779a130e382f9092c2d
studio2/fase03/fault_runs/runs/fault_dev_001/fault-dev-F15-b01.diagnostics.csv,536455,7a7a10dbeb1a5aed30a7ba94376eaa8a597bdfc67e5ebc08daa48e5f9b7498d4
studio2/fase03/fault_runs/runs/fault_dev_001/fault-dev-F15-b01.manifest.json,7070,b820a0a46208a085d3a02545163fd4f112a532a9148f8cdb5e2d3734e6310507
studio2/fase03/fault_runs/runs/fault_dev_001/fault-dev-F15-b01.simulation.log,526779,3e6f6aed27cdccae274451abad608469cca95943206cb407bc6faaf9851a430b
studio2/fase03/fault_runs/runs/fault_dev_001/fault-dev-F15-b02.attempt.json,4136,22a86a3ff47e12458789c7d282e543d9bb8b7dfba1b50ac553ef89e9ffdc3773
studio2/fase03/fault_runs/runs/fault_dev_001/fault-dev-F15-b02.csv,3819256,38900dcbf0278e5dcceeed749136fc5fda85eb0ca672e186dd1c9e935932e5fb
studio2/fase03/fault_runs/runs/fault_dev_001/fault-dev-F15-b02.diagnostics.csv,536473,b3c47160064903d11f1b79e32e1e5b12183d2beb6edd201afecd4a80fec56d82
studio2/fase03/fault_runs/runs/fault_dev_001/fault-dev-F15-b02.manifest.json,7072,58a18f61c218011d86b90096a7a631231503b284f8a1ee61eaf295f5b07ccac9
studio2/fase03/fault_runs/runs/fault_dev_001/fault-dev-F15-b02.simulation.log,526774,271428439a18ca9fc99a223888fa4964c521939e8b912b805f71ee36c6cf1237
studio2/fase03/fault_runs/runs/fault_dev_001/fault-dev-F15-b03.attempt.json,4143,37aeda386047326c6afc43d4f1ddf04026305f3300a16b118ece05ffbd6bc098
studio2/fase03/fault_runs/runs/fault_dev_001/fault-dev-F15-b03.csv,3819625,a6f25844f9463b13864f885a471b76bed4e761a64482d49b3ac31047d88f1156
studio2/fase03/fault_runs/runs/fault_dev_001/fault-dev-F15-b03.diagnostics.csv,536402,d9be21fcda127568a1f4e6c631271451bdcb3b427c5f07783ffa7312f1e0cd9f
studio2/fase03/fault_runs/runs/fault_dev_001/fault-dev-F15-b03.manifest.json,7079,e94cd10bf5a8cfcec67dbd917337083cdc84c3da9532865e27d8e55d7935265f
studio2/fase03/fault_runs/runs/fault_dev_001/fault-dev-F15-b03.simulation.log,526782,4c5eebda70ab0882e899aa855d615b3f174ff97063f4f7685ff69f8dee75f4ad
studio2/fase03/fault_runs/runs/fault_dev_001/fault-dev-F15-b04.attempt.json,4143,9cec0c8c059db92ef452ef29a6e3cbd9d5e30b49cd324af0e0b0b60ad80792c1
studio2/fase03/fault_runs/runs/fault_dev_001/fault-dev-F15-b04.csv,3818387,f33c8f2182948a598e02a8aeccda5233521c0cebb85a82a21436d51da5823fb5
studio2/fase03/fault_runs/runs/fault_dev_001/fault-dev-F15-b04.diagnostics.csv,536446,0ae1f9a1ee2414c5152b9d8ceda3de6a75d42346e495ab180923a922c85b8602
studio2/fase03/fault_runs/runs/fault_dev_001/fault-dev-F15-b04.manifest.json,7079,d36d25a9a28a4b43d2473a49598395b0207c6dec4f89969a07aefae6cbb56bec
studio2/fase03/fault_runs/runs/fault_dev_001/fault-dev-F15-b04.simulation.log,526769,8f37ad47523fa67807a41f82bc5fc085f0d19d404d71177e3c6542b716b1b14b
studio2/fase03/fault_runs/runs/fault_dev_001/fault-dev-F15-b05.attempt.json,4136,2bf9c916df2eae74a870aa8c081443bf1ddbd4ce108733fdd1dbc4bcc097f9f2
studio2/fase03/fault_runs/runs/fault_dev_001/fault-dev-F15-b05.csv,3818865,1c9cf1d5c59c26e1ca2312b8db9fac68166ea137fc5c8e14a8c5b0f1bc6a2e4b
studio2/fase03/fault_runs/runs/fault_dev_001/fault-dev-F15-b05.diagnostics.csv,536420,87351125019291acd8856eb9a5162a22ef95d8aeb4ba569b8c178ce0da3d3079
studio2/fase03/fault_runs/runs/fault_dev_001/fault-dev-F15-b05.manifest.json,7073,2c9b8aff21afee9e07557a7791f69d475c170a96d65d3317023d730230558abc
studio2/fase03/fault_runs/runs/fault_dev_001/fault-dev-F15-b05.simulation.log,526692,4cccd4e881f9471f5c50c4fe547c0d5242f74529d1ba45c1973510b49d50b11e
studio2/fase03/fault_runs/runs/fault_dev_001/fault-dev-F2-b01.attempt.json,4141,1424178e3a48df630ef9a2fe95796d55633484372140e0e8cadc70c288a2bc48
studio2/fase03/fault_runs/runs/fault_dev_001/fault-dev-F2-b01.csv,3819409,f55bc18b152eb915427372f8c313743a66d9851c0c9f40bfa081019eaf512c71
studio2/fase03/fault_runs/runs/fault_dev_001/fault-dev-F2-b01.diagnostics.csv,550577,973059ec07d5c66266286b80c054a65e9806bea429a1a83fabafd0e3fa53088c
studio2/fase03/fault_runs/runs/fault_dev_001/fault-dev-F2-b01.manifest.json,7074,efe894955317819e02fb87585c4cc74b9a83fdbb9a309c69e77a01fcae279b55
studio2/fase03/fault_runs/runs/fault_dev_001/fault-dev-F2-b01.simulation.log,584371,d1931d4effb3d44c205073e2bd67875a483fdc372665ae7dbf5d645fb71fb18d
studio2/fase03/fault_runs/runs/fault_dev_001/fault-dev-F2-b02.attempt.json,4131,65934c052966e473e308243f0191c19443a90450df89d78b5c8f3bfbdefc8f53
studio2/fase03/fault_runs/runs/fault_dev_001/fault-dev-F2-b02.csv,3819630,4eb749fbcb6efa399020a2b7a0cf4fb961d32e5852e9593396c0e38a2012d7e9
studio2/fase03/fault_runs/runs/fault_dev_001/fault-dev-F2-b02.diagnostics.csv,550792,e7dd00cd51081e07c5239fd4d72de15cc3473b159bffb6b2e467b1a2ed44d43e
studio2/fase03/fault_runs/runs/fault_dev_001/fault-dev-F2-b02.manifest.json,7065,3b2aae78a0c63c26b72a7cd98b62ea87776298610541f7e6442d3bb3bca08358
studio2/fase03/fault_runs/runs/fault_dev_001/fault-dev-F2-b02.simulation.log,584440,46e3ae25bbbb53ed5f2b7c5fb58d224f0bbb6b4855f137929b007c43c2db5e68
studio2/fase03/fault_runs/runs/fault_dev_001/fault-dev-F2-b03.attempt.json,4134,2cad2b6250a07d2a11e8f87d1e3a4b8d3bc3efaae51140f59e83e6eb58cb09c5
studio2/fase03/fault_runs/runs/fault_dev_001/fault-dev-F2-b03.csv,3819267,da905225518be65b155789f45814694333cde85e797d831d783b651453e3a042
studio2/fase03/fault_runs/runs/fault_dev_001/fault-dev-F2-b03.diagnostics.csv,550744,1237241a9231a301f35817c82ac23110207cfa32533b98d3b8fad732e5e2c8b3
studio2/fase03/fault_runs/runs/fault_dev_001/fault-dev-F2-b03.manifest.json,7067,e46e0d5bbe343a366036663a6adde3f8640d1fdcfa8339561d3321761817cf52
studio2/fase03/fault_runs/runs/fault_dev_001/fault-dev-F2-b03.simulation.log,584388,06a03a3e10227e0bfa108252c6064edb89820fecfe4480c2ab40ee418e62f9ee
studio2/fase03/fault_runs/runs/fault_dev_001/fault-dev-F2-b04.attempt.json,4134,5714b5d21a94a73e3bdc8885b8d189d6f21dbf54fdb89bf1e851a067b668eff7
studio2/fase03/fault_runs/runs/fault_dev_001/fault-dev-F2-b04.csv,3819485,77c6e2f82b7234bdda0b984275d13b93e7f6a8c38d711bc9f30037c87dd7d807
studio2/fase03/fault_runs/runs/fault_dev_001/fault-dev-F2-b04.diagnostics.csv,550732,8599ab7ab2d89affbaf4202d35e1ad587de677617d70251a2ad6727154293e21
studio2/fase03/fault_runs/runs/fault_dev_001/fault-dev-F2-b04.manifest.json,7068,6814415af86320a31bba065ee2aa579aac736eb6a023fef03fab59a29af3067d
studio2/fase03/fault_runs/runs/fault_dev_001/fault-dev-F2-b04.simulation.log,584368,93bf7092f9c06c70dc636b27a784ac84acc07d3fefd5babd8d4fb3a46a12c6da
studio2/fase03/fault_runs/runs/fault_dev_001/fault-dev-F2-b05.attempt.json,4141,e6b032c5f8accf216059874be847ac03a4d6c5863179c53b78f15339ab3acaef
studio2/fase03/fault_runs/runs/fault_dev_001/fault-dev-F2-b05.csv,3818941,d4d3d407988e8db3c1abd6daa6b36895491bbe9e63651073f6990d780d5f23b1
studio2/fase03/fault_runs/runs/fault_dev_001/fault-dev-F2-b05.diagnostics.csv,550804,a9dd185ccff05c772879e6cffae8d8c3fc073ebdf2dbaf4d7d40364ef6992d7b
studio2/fase03/fault_runs/runs/fault_dev_001/fault-dev-F2-b05.manifest.json,7073,41cd033f4d26fe7e1bdbce58dfded54593870fa3ade1e8c4ee74b4f3fafd4967
studio2/fase03/fault_runs/runs/fault_dev_001/fault-dev-F2-b05.simulation.log,584402,ab47a387cfb1e7136a8a077bc5af673df56ca05b88aead5290235e28aaf3bcb4
studio2/fase03/fault_runs/runs/fault_dev_001/fault-dev-F3-b01.attempt.json,4141,157c19ae8b2b337c0d90aaae15a34f878ef71fc947894fab9adca2e0cd8b9298
studio2/fase03/fault_runs/runs/fault_dev_001/fault-dev-F3-b01.csv,3819934,e5986b949e6a46c1015bab2e47a1431d2b7665a8e1727ad54c23db769cc6db02
studio2/fase03/fault_runs/runs/fault_dev_001/fault-dev-F3-b01.diagnostics.csv,526756,912dd17c9ea39d9f6c5f88caac959a24f0e96cdbd6f1171f985c157955bab665
studio2/fase03/fault_runs/runs/fault_dev_001/fault-dev-F3-b01.manifest.json,7074,9edd05c1d0e75ed0be5c9b202a62df69b2b4322a946516cc84be7192a0707cb8
studio2/fase03/fault_runs/runs/fault_dev_001/fault-dev-F3-b01.simulation.log,517120,1307c760d355edb9a6017fcc95d6356250d470ccfa5b989fab3102a713b3a325
studio2/fase03/fault_runs/runs/fault_dev_001/fault-dev-F3-b02.attempt.json,4141,adf4748bd6debd2ecb1526ba6df9d8c7be7409f9450c3b1c1c3e1f6b63938d31
studio2/fase03/fault_runs/runs/fault_dev_001/fault-dev-F3-b02.csv,3819571,75b998e5433d0844679672949f8524e498a43148cc4cc2b05b85def5b9e96833
studio2/fase03/fault_runs/runs/fault_dev_001/fault-dev-F3-b02.diagnostics.csv,526639,990ef54a1758e8001f38b9b7e0f1422877e1a24378e1d449b25409357b11a941
studio2/fase03/fault_runs/runs/fault_dev_001/fault-dev-F3-b02.manifest.json,7073,c916838369285aeeac4d6daf60ab9f81137dddd02b0a508b0fdb554715b0e278
studio2/fase03/fault_runs/runs/fault_dev_001/fault-dev-F3-b02.simulation.log,517133,87bcfe59af8b03bdba565e93625c9ef4ee5a8aa5b6a036303686da3554bcb981
studio2/fase03/fault_runs/runs/fault_dev_001/fault-dev-F3-b03.attempt.json,4131,a5cb872d96e07ac0ab8a6fd00e4b31d07059ab40fc6e32ad342f851f0eb2edf3
studio2/fase03/fault_runs/runs/fault_dev_001/fault-dev-F3-b03.csv,3819245,9a0722bfb97bd0519b2777ab8621e28153f234fb2c4bdb23ddcb5043a421d265
studio2/fase03/fault_runs/runs/fault_dev_001/fault-dev-F3-b03.diagnostics.csv,526853,52d0786c0ed52f13ad88ee88459c66cda63dafb043401274ef8e7bfac9430307
studio2/fase03/fault_runs/runs/fault_dev_001/fault-dev-F3-b03.manifest.json,7054,69aa34c659a0260da655fca22247d30bc7015e545a15f7eae99d25a1b9851a71
studio2/fase03/fault_runs/runs/fault_dev_001/fault-dev-F3-b03.simulation.log,517178,63a68ba5acfa36818e597c868e1b4d7dc8e6c30af7cc2b7768db4cf63d88923d
studio2/fase03/fault_runs/runs/fault_dev_001/fault-dev-F3-b04.attempt.json,4141,0f31b1e79af6024f31b51b3db5e7332befad29ef4533367f7692b3b9bd997a5b
studio2/fase03/fault_runs/runs/fault_dev_001/fault-dev-F3-b04.csv,3819574,13960fadfe41aa5629612f24da6d9f42276d422ae67a9b138864f536cddc9333
studio2/fase03/fault_runs/runs/fault_dev_001/fault-dev-F3-b04.diagnostics.csv,526757,212fbb5afa849b3fb3fffa8367903c77d818129b941df83bf8ffe1edb934b295
studio2/fase03/fault_runs/runs/fault_dev_001/fault-dev-F3-b04.manifest.json,7075,aa6b0603dfdf84a2af623201fa58090a18cf332ca3e55d325632a4904dc9acb7
studio2/fase03/fault_runs/runs/fault_dev_001/fault-dev-F3-b04.simulation.log,517180,21a27e85c18eb196456d5226262d3cb9c0fa051c50a24a0f26c6bcce3f545a57
studio2/fase03/fault_runs/runs/fault_dev_001/fault-dev-F3-b05.attempt.json,4134,86e88ff0df636367d3bea10efd571cfa259d4c06b28fdf6ec52334d9f2ff4b98
studio2/fase03/fault_runs/runs/fault_dev_001/fault-dev-F3-b05.csv,3819407,a0ecd62885ba7b71e4583c098982374ce07c416e96d2780808047a4284e971b0
studio2/fase03/fault_runs/runs/fault_dev_001/fault-dev-F3-b05.diagnostics.csv,526842,5cc836249cfa7bbaf74775acaeef0ef7f99823bd6e0ee5648ca2c4cbf0dce4a4
studio2/fase03/fault_runs/runs/fault_dev_001/fault-dev-F3-b05.manifest.json,7057,573ace647a945bd57bb1160158596743a96ad3df9322da17073438842552a733
studio2/fase03/fault_runs/runs/fault_dev_001/fault-dev-F3-b05.simulation.log,517115,4f7b5067c2268692440717e9c912d8c0ebfc2d65fbdb509042f332a527b62884
studio2/fase03/fault_runs/runs/fault_dev_001/fault-dev-F8-b01.attempt.json,4141,2028d12ab4a578e42a2c67ea2b6f331a34c93e9a79d491cc9c0bd0dc8a0e1077
studio2/fase03/fault_runs/runs/fault_dev_001/fault-dev-F8-b01.csv,3820031,64a6f69547cee3f8bd714f83d8b6843ddd7ec112ab99afce69bf4f8784fa232e
studio2/fase03/fault_runs/runs/fault_dev_001/fault-dev-F8-b01.diagnostics.csv,629584,cd3e61420505c3fddb493168a8685b29cc3529342bc298df4dcd62743930f42b
studio2/fase03/fault_runs/runs/fault_dev_001/fault-dev-F8-b01.manifest.json,7063,2ad9a05dc5e5366eaaa6208e4f8737fedda1f8640bc490bbcc81c7e7c2a76ca5
studio2/fase03/fault_runs/runs/fault_dev_001/fault-dev-F8-b01.simulation.log,629652,2d7b28a71938e090881fbb5691210e6fdea28f62bf590f28f928c0c6fa39e7e3
studio2/fase03/fault_runs/runs/fault_dev_001/fault-dev-F8-b02.attempt.json,4141,865227a9b81b3939711f99ad2c93c38bfec3e1228eb3a3c65856a8dd61619533
studio2/fase03/fault_runs/runs/fault_dev_001/fault-dev-F8-b02.csv,3815041,a7e1a9c12a74c4a0cfbc1571f2f6e8704d336bf95dab06146190368736980d56
studio2/fase03/fault_runs/runs/fault_dev_001/fault-dev-F8-b02.diagnostics.csv,630512,daa24107126d9905b18313084db313ce93923d7a7b2b32b1cd0571982e7c74e4
studio2/fase03/fault_runs/runs/fault_dev_001/fault-dev-F8-b02.manifest.json,7073,2e0658147f7f0e25a8c0258ea9ccda8c6de3b1f88d1b9c9463b62f8ed5c4ac9d
studio2/fase03/fault_runs/runs/fault_dev_001/fault-dev-F8-b02.simulation.log,631004,2283d58bcddaf05b3951303d9d49a49a24280753ab75c8c0d20ef37c771b130c
studio2/fase03/fault_runs/runs/fault_dev_001/fault-dev-F8-b03.attempt.json,4140,df9fac883df427819eb35931a4dd309c89fa3921c6d8bdd03559864a0bb97d53
studio2/fase03/fault_runs/runs/fault_dev_001/fault-dev-F8-b03.csv,3816000,9a87fc9d6d398682f03ad74e87576fcbf08e0689bb54fadde19b8cbfc51c9350
studio2/fase03/fault_runs/runs/fault_dev_001/fault-dev-F8-b03.diagnostics.csv,629618,4090216c9f2d5bb2bec3b7033deb7540ba20fd08598ddc9f3828c3a548000149
studio2/fase03/fault_runs/runs/fault_dev_001/fault-dev-F8-b03.manifest.json,7063,3d5914f0e6237b1e82f0a691ced4fa1772ae6a3662f2040f0ad7bc44e70f6ab9
studio2/fase03/fault_runs/runs/fault_dev_001/fault-dev-F8-b03.simulation.log,629598,05835de95d55de7e3672fdb3036b3efab8fc8d31364827bf47ef7b51223d88a9
studio2/fase03/fault_runs/runs/fault_dev_001/fault-dev-F8-b04.attempt.json,4133,f4e7362c761d60674fc0fa1cb888c6d34e484639f85d637452c6efa69cc29a4e
studio2/fase03/fault_runs/runs/fault_dev_001/fault-dev-F8-b04.csv,3816710,54e2618288a087408714ad25efb0038cdf6e17fbf4ded6e57ec222567e121f56
studio2/fase03/fault_runs/runs/fault_dev_001/fault-dev-F8-b04.diagnostics.csv,630934,16ca3bfe782927586deacf0b0f3477aab5ebc3f5f2ab77423b764e38450b681a
studio2/fase03/fault_runs/runs/fault_dev_001/fault-dev-F8-b04.manifest.json,7056,1333f0aa0d7995efe53dc0f319e5df9a7c65501a525de10ee79fa7c3a537b95f
studio2/fase03/fault_runs/runs/fault_dev_001/fault-dev-F8-b04.simulation.log,631035,a966c9b7ac595bbb814c3b5e2349c91ddfe929c45557547a8966f24868545091
studio2/fase03/fault_runs/runs/fault_dev_001/fault-dev-F8-b05.attempt.json,4141,f6c3f58b6655336d785ac00a1e86ca1699d0686e00f61eefa244ad2f093ab7f4
studio2/fase03/fault_runs/runs/fault_dev_001/fault-dev-F8-b05.csv,3820282,2db5bed3623c1575fbbc1bda47e06c8ae4f0e37a98698640d0c4dfffd40ce4e8
studio2/fase03/fault_runs/runs/fault_dev_001/fault-dev-F8-b05.diagnostics.csv,630967,93ef3d4b3a836a6f1629bc5c568838b4322215daa5a497c212c9ad4359340ed5
studio2/fase03/fault_runs/runs/fault_dev_001/fault-dev-F8-b05.manifest.json,7063,177e7feddb74ed0ed2d6e0974c591406cd5877301dfca31283bb6e1e4bd6db43
studio2/fase03/fault_runs/runs/fault_dev_001/fault-dev-F8-b05.simulation.log,631349,72f67a62c783cb31bf5759e6f45643991b4e67b464f684a23a2b44d534670ff7
studio2/fase03/fault_runs/runs/fault_dev_001/generation_manifest.csv,215377,69a7f2f97568a656a96e8eeb0871a6295b087d44b2ae7306fd09a5365e1f4f23
studio2/fase03/fault_runs/runtime/batch_launch_failed_20260913T122247/matlab.log,0,e3b0c44298fc1c149afbf4c8996fb92427ae41e4649b934ca495991b7852b855
studio2/fase03/fault_runs/runtime/batch_launch_failed_20260913T122247/matlab.pid,6,fb6f36ace0f3a5e673cb09b22575c534dd0db0078adf698d5fb5911c36832f73
studio2/fase03/fault_runs/runtime/mex_equivalence/fault_base_30000/cache/MultiLoop_mode1.slxc,5331,b13c135a049ded51e3589078e18a96955faa064a582d99bcc85c8f426ee59f86
studio2/fase03/fault_runs/runtime/mex_equivalence/fault_base_30000/cache/slprj/_jitprj/sGKBKGF7OnrKZaxlJbtDup.l,8632,d97fd4cdd7cff02bc0b8d01944d6636bfcfe3c0bf53d7b7ff308bfe78ed17f64
studio2/fase03/fault_runs/runtime/mex_equivalence/fault_base_30000/cache/slprj/_jitprj/sGKBKGF7OnrKZaxlJbtDup.mat,1256,e11e89c4a8ca75d2143ea3bf02b07d2967abb86f1410cfac3007b34073a64740
studio2/fase03/fault_runs/runtime/mex_equivalence/fault_base_30000/cache/slprj/_sfprj/EMLReport/sGKBKGF7OnrKZaxlJbtDup.mat,2217,abc141b438c1ae42b2d7e8f5003e8b7bdb23a97211afbc225b2df15b4d4d7e62
studio2/fase03/fault_runs/runtime/mex_equivalence/fault_base_30000/cache/slprj/_sfprj/MultiLoop_mode1/_self/sfun/info/binfo.mat,764,bc6a023dea41810233d9be17154c8378962cb0d0f6e5dbf54f24938604181178
studio2/fase03/fault_runs/runtime/mex_equivalence/fault_base_30000/cache/slprj/_sfprj/MultiLoop_mode1/amsi_serial.mat,235,4035f8d0f5ebc1217eb781392e025f21f5ce4ab3a083bcb9849b412eafff14d4
studio2/fase03/fault_runs/runtime/mex_equivalence/fault_base_30000/cache/slprj/sim/varcache/MultiLoop_mode1/checksumOfCache.mat,392,9d89bd5aa62c0d91a3f5aaabb573984542ad22091bdf3824bbd33e5da00ca09e
studio2/fase03/fault_runs/runtime/mex_equivalence/fault_base_30000/cache/slprj/sim/varcache/MultiLoop_mode1/tmwinternal/simulink_cache.xml,371,b7d317cb3cc5b7f031cfc28bb137b23042668cfd2512978ee8b57b4517cbb5c3
studio2/fase03/fault_runs/runtime/mex_equivalence/fault_base_30000/cache/slprj/sim/varcache/MultiLoop_mode1/varInfo.mat,7672,337e4ce33351a6f25c9d88a2ed20ead6019f615285271c9867cf704a54baed73
studio2/fase03/fault_runs/runtime/mex_equivalence/fault_base_30000/fault-dev-F1-b01.csv,3817751,acb4c4ec62c267f089c7fab2799e18d26cf39f657b78dbef28246ff347f5c62c
studio2/fase03/fault_runs/runtime/mex_equivalence/fault_base_30000/matlab.log,939,5e0adf388ae3d60b564362fb485f1ece8b55f476c267570c00433daa556aa8e2
studio2/fase03/fault_runs/runtime/mex_equivalence/fault_base_30000/simulation.mat,926981,cab9a5198f5067de6b28ac2506962cdd7655271de50cb3b6c071edb240bf4b52
studio2/fase03/fault_runs/runtime/mex_equivalence/normal_instrumented/burnin_qual-001.xlsx,2386697,30bfe18f65983bcec305b1f72a619a7ae371bb6b02af9bae66981875a090f65d
studio2/fase03/fault_runs/runtime/mex_equivalence/normal_instrumented/cache/MultiLoop_mode1.slxc,5327,e0edb070c68fd82b50b4123b3c804999eca21c6b93f7590473eb14b40fd77a35
studio2/fase03/fault_runs/runtime/mex_equivalence/normal_instrumented/cache/slprj/_jitprj/sGKBKGF7OnrKZaxlJbtDup.l,8632,d97fd4cdd7cff02bc0b8d01944d6636bfcfe3c0bf53d7b7ff308bfe78ed17f64
studio2/fase03/fault_runs/runtime/mex_equivalence/normal_instrumented/cache/slprj/_jitprj/sGKBKGF7OnrKZaxlJbtDup.mat,1256,947559676a12a9192a07ff153c3776a9e1fee8ab550ddbf967972ad2f626e274
studio2/fase03/fault_runs/runtime/mex_equivalence/normal_instrumented/cache/slprj/_sfprj/EMLReport/sGKBKGF7OnrKZaxlJbtDup.mat,2221,eee4778625546aa36b81a94484653cfa85ef441834e73f2103584ddbb276063a
studio2/fase03/fault_runs/runtime/mex_equivalence/normal_instrumented/cache/slprj/_sfprj/MultiLoop_mode1/_self/sfun/info/binfo.mat,765,06f918820f464ef28df5dedfa1332d9f9ccbb21dff7fedf4d130c4dd5d98e79f
studio2/fase03/fault_runs/runtime/mex_equivalence/normal_instrumented/cache/slprj/_sfprj/MultiLoop_mode1/amsi_serial.mat,235,9154205b9b3a1fbea89c9726104c8e5f28672b6883ad00653ca16704e6fc8129
studio2/fase03/fault_runs/runtime/mex_equivalence/normal_instrumented/cache/slprj/sim/varcache/MultiLoop_mode1/checksumOfCache.mat,392,c2e441da5d57b5b624d641445e1a8df615c618d17f6fb2b2bc07e22f7badc511
studio2/fase03/fault_runs/runtime/mex_equivalence/normal_instrumented/cache/slprj/sim/varcache/MultiLoop_mode1/tmwinternal/simulink_cache.xml,371,2fdfe50f752cfbf9126c21582f3c78171b616dfa0e81ca61354480c75477aed1
studio2/fase03/fault_runs/runtime/mex_equivalence/normal_instrumented/cache/slprj/sim/varcache/MultiLoop_mode1/varInfo.mat,7672,9d201219318a9abb15ea66eb3ed2c181a409319a7040c345e8b553538a9cb654
studio2/fase03/fault_runs/runtime/mex_equivalence/normal_instrumented/matlab.log,557075,cf37e6e045de6ad4afdca6b43cc17c198be91ec5d25007d3a451d6facc57d9ce
studio2/fase03/fault_runs/runtime/mex_equivalence/normal_instrumented/matlab_attempt1.log,556984,a2d456e0f9bd08d56fc9cb5670e0069d0a2427f7d8761dec8e59dbc1618da70e
studio2/fase03/fault_runs/runtime/mex_equivalence/normal_instrumented/simulation.mat,994749,48f182cb237b2991a6242dfd983c9774d10931e0e35c015b33eb3dbb26041a38
studio2/fase03/fault_runs/test_batch/test_batch_f5_001.tar.gz,141191097,ac1e7c0c4575ab746ee24a8bb5ce7f09289919773bc4d8c61ba86f7a93218a55
studio2/fase03/fault_runs/ood_chain_f5/chain_f5_001.tar.gz,1579326,242f689a8737739f51eb6b3acefaf34cea4c06e9ebd547beccbcf1760a473aec
studio2/fase03/fault_runs/ood_preflight/ood_preflight_001.tar,7426560,16acf7c1e18923b606a47fe3fb0efaa83b99e8ee19024f11f4d8f3fd675929df
